year,month,day,hour_start,min_start,sec_start,hour_stop,min_stop,sec_stop,begin_sample_time_decimal_day_since_2018,end_sample_time_decimal_day_since_2018,collar_id,F_CO2_umol_m2_s,F_CO2_umol_m2_s_unfiltered,F_CH4_nmol_m2_s,F_CH4_nmol_m2_s_unfiltered ,landcovertype,pvalue_CO2,pvalue_CH4,r2_CO2,r2_CH4,slope_CO2,slope_CH4,Air_temperature_K,chamber_volume_L
2020,6,22,11,46,54,11,49,29,904.4909,904.4927,9,2.947011711,2.947011711,0.589854331,0.000589854,Mud flat,3.99E-203,6.34E-181,0.997562656,0.995265844,0.300245485,0.060095146,293.52,1.86E-06
2020,6,22,11,53,5,11,55,41,904.4952,904.497,8,3.013179836,3.013179836,4.248576654,0.004248577,Mud flat,4.77E-182,1.55E-132,0.995580765,0.98038914,0.290446334,0.409528665,293.52,1.96E-06
2020,6,22,11,57,50,12,0,26,904.4985,904.5003,7,0.885369932,0.885369932,1.408095586,0.001408096,Mud flat,2.78E-112,6.65E-227,0.963923564,0.998854475,0.081902639,0.130258258,293.52,2.05E-06
2020,6,22,12,2,1,12,4,19,904.5014,904.503,6,2.575262429,2.575262429,4.395083957,0.004395084,Mud flat,1.26E-161,7.28E-91,0.995342896,0.949765656,0.245924045,0.419707449,294.51,1.99E-06
2020,6,22,12,6,29,12,8,43,904.5045,904.50605,10,0,-0.128554793,1.212077435,0.001212077,S. pacifica,4.60E-12,4.59E-186,0.304986104,0.998380431,-0.013087837,0.123398521,294.51,1.87E-06
2020,6,22,12,9,39,12,12,40,904.5067,904.5088,5,-1.886843316,-1.886843316,2.386129689,0.00238613,S. pacifica,2.13E-170,8.27E-209,0.986561763,0.994969826,-0.190729498,0.241199316,294.51,1.88E-06
2020,6,22,12,14,59,12,17,27,904.5104,904.51212,4,2.427758106,2.427758106,3.840894788,0.003840895,S. pacifica,3.89E-167,1.04E-176,0.994350822,0.995814677,0.220020319,0.348088591,294.51,2.10E-06
2020,6,22,12,19,26,12,21,57,904.5135,904.51524,3,0.437955019,0.437955019,1.751529515,0.00175153,S. pacifica,6.68E-106,3.52E-212,0.960681533,0.998559471,0.073793959,0.295126877,294.51,1.13E-06
2020,6,22,12,22,42,12,25,30,904.51576,904.51771,11,NaN,-0.501781438,NaN,0.000620933,S. pacifica,2.85E-122,1.10E-239,0.963795875,0.998578679,-0.069929161,0.086534359,294.51,1.36E-06
2020,6,22,12,27,48,12,31,2,904.5193,904.52155,2,0,-0.017674472,3.574355854,0.003574356,S. foliosa,0.013543602,9.51E-225,0.031334691,0.995220884,-0.00183809,0.371721802,294.51,1.83E-06
2020,6,22,12,32,33,12,34,55,904.5226,904.52425,1,0,-0.147342126,0.82337631,0.000823376,S. foliosa,5.61E-18,1.50E-159,0.412138347,0.994195067,-0.013971199,0.078073763,295.09,2.01E-06
2020,6,22,12,35,51,12,38,44,904.5249,904.5269,13,0,0.285799027,4.385385401,0.004385385,S. foliosa,2.51E-67,3.01090355861003e-310,0.828293277,0.999752212,0.028552665,0.438120599,295.09,1.90E-06
2020,6,22,12,39,53,12,42,24,904.5277,904.52945,12,0,0.126988631,1.031673504,0.001031674,S. foliosa,2.98E-21,1.80E-210,0.452809687,0.998413156,0.013582956,0.110349843,295.09,1.78E-06
2020,6,22,12,48,14,12,51,29,904.5335,904.53575,20,0,-0.090301189,2.562489312,0.002562489,S. foliosa,1.86E-28,4.04E-284,0.472286559,0.998849476,-0.010543214,0.299186237,295.09,1.63E-06
2020,6,22,12,52,21,12,55,48,904.53635,904.53875,18,0.737386042,0.737386042,0.409435458,0.000409435,S. foliosa,1.14E-182,1.48E-239,0.982391791,0.995063136,0.07218008,0.040078171,295.09,1.94E-06
2020,6,22,12,56,36,12,59,11,904.5393,904.5411,19,0,0.240385201,0.263065109,0.000263065,S. foliosa,1.61E-50,1.58E-132,0.766614062,0.979875444,0.023530447,0.025750502,295.09,1.94E-06
2020,6,22,13,1,47,13,4,13,904.5429,904.5446,17,0,-0.276108928,1.19072543,0.001190725,Mud flat,1.61E-73,1.07E-186,0.897220414,0.997174179,-0.041297203,0.178095037,296.04,1.28E-06
2020,6,22,13,6,23,13,8,24,904.5461,904.5475,21,0,-0.441506908,0.841692514,0.000841693,Mud flat,2.83E-51,2.32E-145,0.852432005,0.996125107,-0.044861096,0.085523574,296.04,1.88E-06
2020,6,22,13,10,8,13,11,47,904.5487,904.54985,15,1.518284401,1.518284401,1.307587478,0.001307587,Mud flat,2.14E-84,2.12E-111,0.979360017,0.994196617,0.14713607,0.126717552,296.04,1.97E-06
2020,6,22,13,12,43,13,14,27,904.5505,904.5517,16,1.45708272,1.45708272,2.793768134,0.002793768,S. pacifica,1.37E-67,1.30E-87,0.950160573,0.979990999,0.139316391,0.267121205,296.04,2.00E-06
2020,6,22,13,16,19,13,18,31,904.553,904.55452,14,1.294145829,1.294145829,0.778258227,0.000778258,Mud flat,1.68E-103,6.33E-147,0.973429978,0.994360619,0.119460935,0.071840015,296.04,2.07E-06
2020,6,22,13,20,21,13,22,57,904.5558,904.5576,22,0,0.14575486,2.821542973,0.002821543,S. pacifica,1.36E-40,8.95E-272,0.688553609,0.999703205,0.020536551,0.397549418,296.04,1.35E-06
2020,6,22,13,24,32,13,27,50,904.5587,904.561,23,0.378559395,0.378559395,0.583293868,0.000583294,S. pacifica,6.37E-125,5.60E-252,0.943552227,0.9971036,0.042302723,0.065181102,296.04,1.71E-06
2020,6,22,13,31,44,13,34,19,904.5637,904.5655,24,0,0.016579717,4.851307766,0.004851308,S. foliosa,0.083974879,3.64E-190,0.019266124,0.996408823,0.001772485,0.518637938,296.24,1.79E-06
2020,7,1,14,59,17,15,0,52,913.6245,913.6256,14,0.883980489,0.883980489,0.897136932,0.000897137,Mud flat,2.17E-57,2.00E-98,0.93625962,0.991639896,0.082766629,0.08399846,295.6,2.04E-06
2020,7,1,15,3,45,15,5,54,913.6276,913.6291,15,1.591475075,1.591475075,1.363634099,0.001363634,Mud flat,1.59E-120,1.79E-174,0.986000888,0.997990022,0.153024974,0.131117399,295.72,1.98E-06
2020,7,1,15,7,55,15,10,39,913.6305,913.6324,16,0,-0.614071143,1.573570423,0.00157357,S. pacifica,2.56E-78,1.38E-251,0.886075688,0.999172399,-0.062249666,0.159516099,295.72,1.88E-06
2020,7,1,15,18,9,15,21,19,913.6342,913.6398,17,0.787796206,1.637484224,1.040442273,0.000565468,Mud flat,6.78E-122,2.19E-200,0.972343889,0.997354487,0.084818618,0.11201993,295.72,1.77E-06
2020,7,1,15,23,37,15,25,60,913.6376,913.64305,18,1.637484224,0.259295034,0.5654677,0.000321787,S. foliosa,8.23E-188,1.67E-237,0.989459502,0.996879374,0.167393028,0.057805351,295.72,1.87E-06
2020,7,1,15,29,27,15,32,20,913.6414,913.64745,19,0,-0.659525436,0.32178729,0.002521131,S. foliosa,2.48E-42,2.08E-128,0.733584852,0.983949001,0.026880118,0.033358449,295.72,1.84E-06
2020,7,1,15,13,15,15,15,50,913.64545,913.636,20,-0.659525436,0.787796206,2.521130963,0.001040442,S. foliosa,4.11E-110,2.58E-262,0.945712612,0.999099046,-0.071008258,0.271439292,295.72,1.77E-06
2020,7,1,15,35,8,15,37,44,913.6494,913.6512,21,-0.42731908,-0.42731908,0.670466342,0.000670466,Mud flat,1.74E-81,1.93E-178,0.908877958,0.995074092,-0.046613738,0.07313725,295.63,1.75E-06
2020,7,1,15,39,53,15,42,3,913.6527,913.6542,23,1.473833247,1.473833247,1.107916731,0.001107917,S. pacifica,5.12E-119,5.60E-163,0.985703637,0.997096167,0.153856926,0.115658039,295.63,1.83E-06
2020,7,1,15,43,38,15,46,13,913.6553,913.6571,22,1.079450277,1.079450277,0,2.006898432,S. pacifica,7.75E-129,4.27E-38,0.97752759,0.661918109,0.112686359,209.5048576,295.63,1.83E-06
2020,7,1,15,52,60,15,55,26,913.6618,913.6635,3,2.686817746,2.686817746,3.085333166,0.003085333,S. pacifica,1.77E-178,1.06E-210,0.996331478,0.99868161,0.274578327,0.31530446,295.63,1.87E-06
2020,7,1,15,56,27,15,59,33,913.6642,913.66635,4,1.896536105,1.896536105,14.1742557,0.014174256,S. pacifica,3.04E-185,9.96E-228,0.989820237,0.99648469,0.185984851,1.390006145,295.63,1.94E-06
2020,7,1,16,1,51,16,3,52,913.66795,913.66935,5,2.458680241,2.458680241,32.13399651,0.032133997,S. pacifica,5.45E-131,1.98E-201,0.9932427,0.999557482,0.245891749,3.213709728,295.4,1.90E-06
2020,7,1,16,7,41,16,12,0,913.672,913.675,12,0,0.044763013,1.790925067,0.001790925,S. foliosa,2.18E-15,0,0.217456066,0.997597359,0.004422028,0.176921074,295.4,1.93E-06
2020,7,1,16,13,26,16,17,37,913.6726,913.6789,12,0,-0.489138622,1.717655463,0.093727451,S. foliosa,1.74E-17,8.49496471459439e-320,0.298202137,0.999206858,0.006648429,0.170586258,295.4,1.92E-06
2020,7,1,16,19,12,16,22,48,913.676,913.6825,13,-0.489138622,-0.09268593,93.7274512,0.002528562,S. foliosa,6.76E-185,0,0.966491874,0.998828075,-0.046068956,8.827611705,295.4,2.02E-06
2020,7,1,16,23,40,16,27,29,913.6765,913.68575,13,0,0.166752031,93.01073994,0.001334753,S. foliosa,1.26E-49,4.66E-187,0.864891155,0.999570956,-0.048560704,8.760109082,295.4,2.02E-06
2020,7,1,16,29,51,16,32,11,913.68,913.68902,2,0,4.255216851,2.528562263,0.011859149,S. foliosa,2.56E-28,0,0.433197707,0.999141744,-0.008563241,0.23361353,295.4,2.06E-06
2020,7,1,16,35,2,16,37,3,913.6806,913.6924,2,0,2.821241261,2.503685186,0.003803174,S. foliosa,0.000395291,2.75E-119,0.153176924,0.9991921,-0.011090618,0.231315141,295.4,2.06E-06
2020,7,1,16,38,38,16,41,44,913.6831,913.69565,1,0,3.915807936,1.334753341,0.001594581,S. foliosa,8.40E-52,1.53E-299,0.6365981,0.99760942,0.016339907,0.130791482,295.4,1.94E-06
2020,7,1,16,43,58,16,45,20,913.6874,913.69815,11,4.255216851,2.547483368,11.85914854,0.002027872,S. pacifica,2.61E-196,9.31E-214,0.99847805,0.999149788,0.531405591,1.481009796,295.4,1.53E-06
2020,7,1,16,46,25,16,48,17,913.691,913.7002,10,2.821241261,2.619226471,3.803174167,0.002418381,S. pacifica,1.10E-102,9.69E-131,0.979795631,0.993176931,0.28978528,0.390645035,295.01,1.85E-06
2020,7,1,16,49,18,16,50,51,913.6935,913.70198,9,3.915807936,1.953230863,1.594581168,0.001826888,Mud flat,5.33E-229,9.98E-192,0.996594803,0.991345083,0.396497179,0.161460149,295.01,1.88E-06
2020,7,1,16,53,54,16,56,12,913.6972,913.7057,8,2.547483368,1.924737596,2.02787176,0.027835605,Mud flat,6.44E-69,5.56E-70,0.979040462,0.980285267,0.26733477,0.212806347,295.01,1.81E-06
2020,7,1,16,8,33,16,12,0,913.6989,913.675,7,2.619226471,0.066943905,2.418381036,0.001717655,Mud flat,1.04E-111,4.52E-138,0.989517819,0.9964883,0.258089934,0.238299288,295.01,1.93E-06
2020,7,1,16,20,4,16,21,22,913.7009,913.6815,6,1.953230863,-0.120041501,1.826888106,0.002503685,Mud flat,6.80E-79,1.23E-144,0.978908634,0.999214799,0.203474746,0.190313189,295.01,1.83E-06
2020,7,1,16,14,10,16,16,2,913.7041,913.6778,24,1.924737596,-0.515594837,27.83560549,0.09301074,S. foliosa,1.08E-148,1.09E-75,0.993063794,0.91787562,0.196285315,2.838683369,295.01,1.87E-06
2020,7,8,12,35,51,12,38,10,920.5249,920.5265,9,2.928676375,2.928676375,0.863814937,0.000863815,Mud flat,5.94E-165,3.18E-145,0.996000234,0.992198812,0.299062127,0.088208562,295.4,1.87E-06
2020,7,8,12,41,2,12,41,46,920.5285,920.529,8,2.219124503,2.219124503,7.519616971,0.007519617,Mud flat,3.33E-28,2.16E-48,0.949491757,0.994763731,0.229799154,0.778686198,295.4,1.84E-06
2020,7,8,12,43,12,12,44,38,920.53,920.531,7,0,0.352880226,3.253440836,0.003253441,Mud flat,1.69E-17,3.79E-137,0.575737094,0.999346702,0.035045746,0.323110374,295.4,1.92E-06
2020,7,8,12,46,31,12,47,48,920.5323,920.5332,6,0,-0.896259874,5.67181368,0.005671814,Mud flat,3.68E-35,4.22E-138,0.868044869,0.999741628,-0.091521681,0.579177911,295.4,1.87E-06
2020,7,8,12,50,24,12,51,59,920.5323,920.5361,6,-1.247865986,-0.906189502,5.731855209,0.00454781,Mud flat,1.84E-27,1.33E-86,0.907159707,0.999599136,-0.12742598,0.585309058,295.4,1.87E-06
2020,7,8,12,53,43,12,55,9,920.535,920.5383,5,-0.906189502,0.588593813,4.547810184,0.000337881,S. pacifica,4.89E-58,5.31E-155,0.936403621,0.999449623,-0.091381355,0.45860723,295.4,1.89E-06
2020,7,8,12,46,31,12,47,23,920.5373,920.5329,4,0,-1.247865986,0.337880882,0.005731855,S. pacifica,1.98E-38,5.55E-58,0.862854588,0.952400982,0.055436028,0.03182292,295.4,2.02E-06
2020,7,8,12,56,53,12,58,11,920.5395,920.5404,10,0,0.087494476,1.089901457,0.001089901,S. pacifica,0.042705193,7.55E-89,0.052942033,0.994891007,0.008934509,0.111295413,295.4,1.87E-06
2020,7,8,13,1,12,13,2,38,920.5425,920.5435,3,3.006827907,3.006827907,1.474538098,0.001474538,S. pacifica,1.39E-97,2.24E-109,0.994762642,0.997256207,0.310195245,0.152118685,295.92,1.85E-06
2020,7,8,13,5,57,13,7,24,920.5458,920.5468,3,2.833540585,2.833540585,1.640052366,0.001640052,S. pacifica,4.12E-91,1.20E-115,0.992531845,0.998054438,0.292318298,0.169193736,295.92,1.85E-06
2020,7,8,13,10,34,13,11,51,920.549,920.5499,11,-1.318788864,-1.318788864,1.26543341,0.001265433,S. pacifica,2.38E-58,2.14E-90,0.967582559,0.99534847,-0.158222309,0.151820964,295.92,1.59E-06
2020,7,8,13,19,3,13,20,21,920.5549,920.5558,13,0,-0.176302838,8.937556334,0.008937556,S. foliosa,5.16E-07,1.47E-102,0.283756649,0.997774004,-0.01607839,0.815083398,295.92,2.09E-06
2020,7,8,13,26,15,13,27,42,920.5599,920.5609,12,0,-0.379246285,0.826900662,0.000826901,S. foliosa,3.89E-27,3.05E-104,0.751670065,0.996364206,-0.04550025,0.099207793,295.92,1.59E-06
2020,7,8,13,29,34,13,31,9,920.5622,920.5633,1,0,0.329767986,1.320629473,0.001320629,S. foliosa,7.29E-24,4.92E-85,0.6659051,0.983776267,0.034758021,0.139196249,295.92,1.81E-06
2020,7,8,13,42,58,13,44,24,920.5715,920.5725,18,0,0.153590964,0.928176523,0.000928177,S. foliosa,2.43E-07,5.88E-84,0.27323922,0.988945445,0.016414935,0.099198264,296.15,1.79E-06
2020,7,8,13,45,42,13,47,43,920.5734,920.5748,19,-0.581290354,-0.581290354,0.384427132,0.000384427,S. foliosa,3.38E-70,2.71E-118,0.929000475,0.988955676,-0.058889351,0.038945536,296.15,1.88E-06
2020,7,8,13,50,10,13,52,2,920.5765,920.5778,20,0.790267274,0.790267274,23.02948284,0.023029483,S. foliosa,1.32E-70,4.16E-154,0.943821045,0.998295458,0.075203489,2.191533809,296.15,2.01E-06
2020,7,8,13,54,55,13,57,48,920.5798,920.5818,17,-0.641175692,-0.641175692,1.466227469,0.001466227,Mud flat,2.28E-131,4.27E-265,0.969369246,0.999164065,-0.069132999,0.158091929,296.15,1.77E-06
2020,7,8,14,1,6,14,2,59,920.5841,920.5854,16,-1.196869797,-1.196869797,1.007092506,0.001007093,S. pacifica,1.28E-68,1.19E-148,0.938947762,0.997858069,-0.120144258,0.101094022,296.5,1.90E-06
2020,7,8,14,5,8,14,7,9,920.5869,920.5883,21,-0.983771416,-0.983771416,1.063143922,0.001063144,Mud flat,9.28E-84,1.52E-101,0.95798095,0.978883608,-0.107629678,0.11631344,296.5,1.75E-06
2020,7,8,14,8,53,14,12,3,920.5895,920.5917,15,-0.532064492,-0.532064492,0.646317305,0.000646317,Mud flat,1.22E-109,1.64E-173,0.928496908,0.985038542,-0.050533982,0.061385392,296.5,2.01E-06
2020,7,8,14,15,4,14,17,31,920.5938,920.5955,14,0,-0.478999228,0.789424174,0.000789424,Mud flat,6.57E-53,2.22E-175,0.802364005,0.995952024,-0.037919059,0.062493256,296.5,2.42E-06
2020,7,8,14,29,11,14,31,21,920.5965,920.6051,22,-0.982344858,1.854611705,-27.8380167,0.001185718,S. pacifica,3.05E-35,7.98E-73,0.927077829,0.99611518,-0.109944262,-3.115637229,296.5,1.71E-06
2020,7,8,14,38,50,14,40,42,920.5988,920.6116,22,-0.814816186,-0.336326882,7.359396207,0.156009586,S. pacifica,1.44E-66,2.76E-66,0.946248941,0.945557535,-0.091194415,0.823665315,296.5,1.71E-06
2020,7,8,14,35,57,14,36,49,920.6036,920.6089,23,1.854611705,-1.325855686,1.18571831,0.00782097,S. pacifica,3.84E-139,6.40E-173,0.993108388,0.997975087,0.19008911,0.121530635,296.5,1.87E-06
2020,7,8,14,18,58,14,19,58,920.6083,920.5972,2,-1.325855686,-0.982344858,7.820970402,-0.027838017,S. foliosa,6.64E-27,8.16E-59,0.906831525,0.99534844,-0.138755656,0.818493213,296.37,1.83E-06
2020,7,8,14,22,16,14,24,0,920.6103,920.6,24,0,-0.814816186,156.0095856,0.007359396,S. foliosa,9.98E-31,3.38E-79,0.699197149,0.959621425,-0.034456833,15.98324905,296.37,1.87E-06
2020,7,16,12,17,52,13,10,42,928.5124,928.5491,18,0.839460048,0.540893855,0.338444015,-0.149060249,S. foliosa,1.10E-270,5.44E-243,0.987367216,0.980174988,0.086761713,0.034979607,292.69,1.83E-06
2020,7,16,12,24,29,13,21,13,928.517,928.5564,19,0,0.591346197,0.357847234,0.031845542,S. foliosa,6.15E-07,1.17E-215,0.109932629,0.989928635,0.004231928,0.036206379,292.69,1.87E-06
2020,7,16,12,30,32,13,28,34,928.5212,928.5615,17,-0.683098377,4.126601247,1.037211882,0.000549404,Mud flat,4.62E-158,4.41365905248543e-310,0.973981983,0.999255294,-0.071609497,0.108731369,293.04,1.80E-06
2020,7,16,12,38,1,13,32,27,928.5264,928.5642,20,1.310895433,2.604152359,5.705080776,0.000894006,S. foliosa,0,0,0.996139041,0.999188213,0.128465531,0.559088249,293.04,1.93E-06
2020,7,16,12,47,23,13,36,12,928.5329,928.5668,21,-1.085454334,3.836467142,0.815789055,0.003682294,Mud flat,4.95E-130,7.31E-158,0.968246754,0.984991843,-0.11580707,0.087036495,293.04,1.77E-06
2020,7,16,12,52,17,13,41,57,928.5363,928.5708,15,0,3.497263761,0.72089084,0.005735455,Mud flat,4.27E-24,1.68E-180,0.421139934,0.987393079,0.011430187,0.069513478,293.04,1.96E-06
2020,7,16,12,56,53,13,46,16,928.5395,928.5738,16,0,-1.166350718,1.697019346,0.001187374,S. pacifica,9.18E-07,1.76E-120,0.138587107,0.965620122,0.012559259,0.171906874,293.04,1.87E-06
2020,7,16,13,2,22,13,50,10,928.5433,928.5765,14,0.789587171,0.909366805,0.405881235,0.001063399,Mud flat,8.71E-118,2.24E-171,0.949227089,0.987207363,0.07430052,0.038193613,293.19,2.01E-06
2020,7,16,13,7,50,13,54,37,928.5471,928.5796,22,NaN,0.141395307,NaN,0.007155906,S. pacifica,4.35E-112,1.86E-215,0.94852417,0.996817718,0.059396904,-16.36867789,293.19,1.72E-06
2020,7,16,13,13,27,13,58,31,928.551,928.5823,23,1.235415724,1.38564699,1.129136004,0.003802658,S. pacifica,9.99E-172,2.63E-196,0.987322345,0.993263824,0.125210809,0.114439237,293.19,1.87E-06
2020,7,16,13,18,38,14,3,33,928.5546,928.5858,22,0.591346197,-2.953306244,31.84554209,0.001208366,S. pacifica,1.61E-110,1.74E-109,0.961959283,0.960757717,0.064937202,3.497038445,293.19,1.72E-06
2020,7,16,13,25,15,14,16,5,928.5592,928.5945,9,4.126601247,0.153498512,0.549403875,0.000612608,Mud flat,2.21E-192,3.02E-201,0.988335199,0.99051834,0.418235797,0.055682717,293.19,1.87E-06
2020,7,16,13,30,1,14,30,29,928.5625,928.6045,8,2.604152359,0.781522731,0,0.012781456,Mud flat,4.39E-148,5.46E-72,0.990673952,0.893766072,0.26957306,0.092544513,293.15,1.83E-06
2020,7,16,13,33,54,14,36,32,928.5652,928.6087,7,3.836467142,0.671329111,3.682293733,0.002994258,Mud flat,3.90E-173,1.14E-129,0.996968125,0.986790434,0.380761295,0.365459909,293.15,1.90E-06
2020,7,16,13,38,13,14,40,8,928.5682,928.6112,6,3.497263761,-0.924343305,5.735454642,0.010556556,Mud flat,1.20E-285,3.60E-268,0.997141899,0.995899779,0.351928744,0.577157311,293.15,1.88E-06
2020,7,16,13,43,24,14,44,18,928.5718,928.6141,5,-1.166350718,0.471264471,1.187374267,0.004925571,S. pacifica,4.51E-134,9.47E-154,0.971519848,0.983234425,-0.115757856,0.117844399,293.15,1.90E-06
2020,7,16,13,48,9,14,47,54,928.5751,928.6166,10,0.909366805,0.650914475,1.06339875,0.001274457,S. pacifica,3.09E-64,2.34E-146,0.910590296,0.996271528,0.091003285,0.106417762,293.15,1.89E-06
2020,7,16,13,52,20,12,22,36,928.578,928.5157,4,0,0.839460048,7.15590558,0.000338444,S. pacifica,3.41E-15,4.20E-132,0.367206523,0.987835748,0.012880575,0.651875778,293.15,2.08E-06
2020,7,16,13,55,56,12,28,5,928.5805,928.5195,3,1.38564699,0.041826436,3.80265843,0.000357847,S. pacifica,9.84E-146,5.11E-193,0.986816952,0.996823524,0.143437498,0.393638362,293.15,1.83E-06
2020,7,16,13,59,40,12,33,50,928.5831,928.5235,11,-2.953306244,-0.683098377,1.208366362,0.001037212,S. pacifica,4.56E-269,0,0.995013974,0.999595936,-0.342549579,0.140156609,293.15,1.63E-06
2020,7,16,14,13,47,12,43,38,928.5929,928.5303,12,0,1.310895433,0.612607663,0.005705081,S. foliosa,9.31E-25,1.44E-171,0.540993772,0.996802991,0.017396412,0.069428524,293.34,1.67E-06
2020,7,16,14,27,54,12,50,15,928.6027,928.5349,24,0.781522731,-1.085454334,12.78145574,0.000815789,S. foliosa,2.54E-114,1.64E-165,0.966071119,0.992730562,0.082732216,1.3530485,293.34,1.79E-06
2020,7,16,14,33,39,12,55,26,928.6067,928.5385,1,0.671329111,0.118536972,2.994258194,0.000720891,S. foliosa,9.43E-131,1.30E-108,0.968856542,0.943475547,0.070156484,0.312911543,293.4,1.81E-06
2020,7,16,14,37,50,12,59,37,928.6096,928.5414,2,-0.924343305,0.123981694,10.55655554,0.001697019,S. foliosa,6.53E-85,1.22E-171,0.939891928,0.99681063,-0.095766499,1.093710915,293.4,1.83E-06
2020,7,16,14,41,52,13,5,23,928.6124,928.5454,13,0,0.789587171,4.925571484,0.000405881,S. foliosa,6.07E-59,2.18E-237,0.836788942,0.999435088,0.046811895,0.489269507,293.4,1.90E-06
2020,7,16,14,45,37,13,16,28,928.615,928.5531,1,0.650914475,1.235415724,1.274456527,0.001129136,S. foliosa,1.11E-85,6.63E-100,0.941433998,0.963815877,0.068023076,0.133185628,293.4,1.81E-06
2020,7,19,11,38,7,11,44,44,931.4848,931.4894,12,0.570528116,-1.500014142,1.445894384,0.000816354,S. foliosa,1.21E-90,3.45E-149,0.950493191,0.993178807,0.077066244,0.195309654,292.04,1.39E-06
2020,7,19,11,41,43,11,40,25,931.4873,931.4864,11,-1.500014142,0.570528116,0.816353781,0.001445894,S. pacifica,9.08E-163,5.28E-261,0.98366501,0.998676708,-0.182101595,0.099105283,292.04,1.55E-06
2020,7,19,11,45,45,11,48,20,931.4901,931.4919,3,1.204791193,1.204791193,2.746262285,0.002746262,S. pacifica,3.12E-145,9.90E-211,0.986235575,0.998058427,0.120763615,0.275274723,292.04,1.88E-06
2020,7,19,11,49,38,11,52,31,931.4928,931.4948,10,0,-0.221236214,0.527125948,0.000527126,S. pacifica,3.39E-16,4.20E-200,0.323195119,0.995188167,-0.022495617,0.053598926,292.04,1.85E-06
2020,7,19,11,53,40,11,56,15,931.4956,931.4974,5,-1.68263583,-1.68263583,1.245084175,0.001245084,S. pacifica,2.09E-138,3.90E-134,0.983119454,0.980819732,-0.16520758,0.122247096,292.04,1.92E-06
2020,7,19,11,57,42,11,59,51,931.4984,931.4999,4,1.091903825,1.091903825,2.324984377,0.002324984,S. pacifica,1.04E-89,1.31E-174,0.957587213,0.997999706,0.103003335,0.219324393,292.04,2.00E-06
2020,7,19,12,2,1,12,3,45,931.5014,931.5026,9,3.559066275,3.559066275,1.872986775,0.001872987,Mud flat,3.84E-82,2.17E-75,0.973384173,0.963899745,0.36283277,0.190943615,292.8,1.85E-06
2020,7,19,12,5,20,12,7,21,931.5037,931.5051,8,1.418915547,1.418915547,0.950078837,0.000950079,Mud flat,1.84E-93,7.37E-129,0.971131482,0.992661814,0.145641078,0.097518493,292.8,1.84E-06
2020,7,19,12,9,13,12,11,23,931.5064,931.5079,7,0.93112494,0.93112494,1.313530091,0.00131353,Mud flat,2.96E-89,4.77E-170,0.956888163,0.997643054,0.092301859,0.130209453,292.8,1.90E-06
2020,7,19,12,12,24,12,15,7,931.5086,931.5105,6,0,-0.659854954,2.966027221,0.002966027,Mud flat,6.59E-42,9.93E-256,0.679791112,0.999264352,-0.069723842,0.313406472,292.8,1.79E-06
2020,7,19,12,19,10,12,20,53,931.5133,931.5145,14,0.850746338,0.850746338,0.412711413,0.000412711,Mud flat,1.10E-59,1.16E-72,0.928556521,0.96044928,0.080452357,0.039028797,292.8,2.00E-06
2020,7,19,12,23,12,12,25,29,931.5161,931.5177,15,1.944892322,1.944892322,0.537248044,0.000537248,Mud flat,6.22E-138,7.52E-92,0.990014408,0.952474157,0.187612493,0.051825206,292.8,1.96E-06
2020,7,19,12,26,56,12,29,57,931.5187,931.5208,21,-1.583767386,-1.583767386,0.593513907,0.000593514,Mud flat,3.62E-151,2.63E-194,0.978021132,0.99271006,-0.16958572,0.063551936,292.8,1.76E-06
2020,7,19,12,33,8,12,35,17,931.523,931.5245,16,1.128646141,1.128646141,0.39511352,0.000395114,S. pacifica,4.53E-94,6.07E-120,0.964680299,0.986175711,0.112034861,0.039220874,293.2,1.90E-06
2020,7,19,12,36,26,12,39,1,931.5253,931.5271,17,-1.164488637,-1.164488637,0.957700741,0.000957701,Mud flat,1.37E-145,1.40E-217,0.986381842,0.998418069,-0.122300368,0.100582479,293.2,1.80E-06
2020,7,19,12,41,46,12,43,21,931.529,931.5301,18,0,0.46002876,0.319115534,0.000319116,S. foliosa,7.04E-36,1.27E-57,0.815325981,0.936985113,0.048675532,0.033765538,293.2,1.79E-06
2020,7,19,12,45,5,12,47,57,931.5313,931.5333,19,0,0.096182558,0.758427914,0.000758428,S. foliosa,5.51E-19,4.49E-173,0.371657956,0.990036312,0.009679263,0.076323848,293.2,1.88E-06
2020,7,19,12,50,7,12,52,51,931.5348,931.5367,20,0,0.097299702,15.03621257,0.015036213,S. foliosa,2.20E-16,1.97E-221,0.341235991,0.998049777,0.009579432,1.480357869,293.2,1.92E-06
2020,7,19,12,59,46,13,2,21,931.5415,931.5433,22,1.598673823,1.598673823,22.36446192,0.022364462,S. pacifica,1.67E-149,4.36E-172,0.987886155,0.993833971,0.169155291,2.366378309,293.2,1.79E-06
2020,7,19,13,4,23,13,6,49,931.5447,931.5464,23,0.560535216,0.560535216,0.644824018,0.000644824,S. pacifica,9.13E-93,1.10E-159,0.945314802,0.993564674,0.062087777,0.071424041,293.44,1.71E-06
2020,7,19,13,12,18,13,14,10,931.5502,931.5515,24,0.868914403,0.868914403,18.46470456,0.018464705,S. foliosa,3.41E-67,2.67E-100,0.935196654,0.983786448,0.088776019,1.886518348,293.44,1.85E-06
2020,7,19,13,15,19,13,17,11,931.5523,931.5536,1,0,0.490085251,1.892385683,0.001892386,S. foliosa,8.08E-45,1.67E-69,0.832102989,0.939641676,0.050413542,0.194663817,293.44,1.84E-06
2020,7,19,13,17,55,13,20,4,931.5541,931.5556,2,0,-0.037253432,4.764676342,0.004764676,S. foliosa,0.028238788,3.14E-135,0.037335246,0.992057847,-0.003832144,0.490127404,293.44,1.84E-06
2020,7,19,13,21,13,13,24,23,931.5564,931.5586,13,0.620935621,0.620935621,16.21447324,0.016214473,S. foliosa,1.40E-117,2.97E-177,0.940240306,0.986034989,0.061258081,1.599630425,293.44,1.92E-06
2020,8,5,11,12,38,11,15,48,948.4671,948.4693,9,0.620983332,0.620983332,0.132077848,0.000132078,Mud flat,1.27E-121,2.29E-108,0.946681982,0.926231233,0.063007864,0.013401234,289.44,1.84E-06
2020,8,5,11,17,58,11,20,33,948.4708,948.4726,8,0.617649406,0.617649406,0.296342107,0.000296342,Mud flat,2.18E-84,7.24E-87,0.916494319,0.922494749,0.063592798,0.030511198,289.44,1.81E-06
2020,8,5,11,21,42,11,24,17,948.4734,948.4752,7,0,-0.344193248,0.197806802,0.000197807,Mud flat,1.65E-46,1.47E-87,0.736931753,0.922806684,-0.039417216,0.022652953,289.44,1.63E-06
2020,8,5,11,26,27,11,29,20,948.4767,948.4787,6,1.029384171,1.029384171,1.314862665,0.001314863,Mud flat,1.13E-125,2.14E-264,0.964291326,0.999148184,0.107522113,0.137341156,289.44,1.79E-06
2020,8,5,11,31,4,11,33,13,948.4799,948.4814,5,-0.695423712,-0.695423712,1.163040296,0.00116304,S. pacifica,1.50E-71,1.73E-157,0.920110115,0.996456739,-0.068757664,0.11499167,289.63,1.89E-06
2020,8,5,11,33,57,11,36,49,948.4819,948.4839,10,0,-0.046003257,0,9.68E-05,S. pacifica,2.40E-05,1.47E-41,0.099891147,0.65893402,-0.005029398,0.010582303,289.63,1.71E-06
2020,8,5,11,37,59,11,40,25,948.4847,948.4864,4,0,0.368242059,0.13982339,0.000139823,S. pacifica,1.23E-66,4.61E-83,0.873944801,0.925428107,0.038489183,0.014614539,289.63,1.79E-06
2020,8,5,11,43,10,11,46,2,948.4883,948.4903,3,0.605372663,0.605372663,0.461643862,0.000461644,S. pacifica,1.63E-128,8.58E-205,0.967580348,0.995893369,0.066183578,0.05047014,289.63,1.71E-06
2020,8,5,11,47,29,11,49,47,948.4913,948.4929,11,-0.705808178,-0.705808178,0.60041922,0.000600419,S. pacifica,3.54E-77,6.41E-173,0.921906876,0.996945911,-0.083581407,0.071101306,289.63,1.58E-06
2020,8,5,11,53,49,11,56,15,948.4957,948.4974,18,0.577114183,0.577114183,0.919264084,0.000919264,S. foliosa,2.45E-84,1.01E-188,0.927087184,0.997350171,0.05737032,0.091383086,289.63,1.88E-06
2020,8,5,11,57,16,12,0,17,948.4981,948.5002,19,0,0.068230019,0.508407417,0.000508407,S. foliosa,2.52E-12,9.65E-198,0.23900791,0.993323506,0.006690375,0.049852488,289.63,1.90E-06
2020,8,5,12,2,19,12,5,2,948.5016,948.5035,17,-1.4859599,-1.4859599,0.476357771,0.000476358,Mud flat,3.26E-171,4.54E-184,0.991870573,0.994359085,-0.156651459,0.050218138,289.94,1.77E-06
2020,8,5,12,6,12,12,8,56,948.5043,948.5062,16,1.77720163,1.77720163,0.514638715,0.000514639,S. pacifica,1.19E-173,3.12E-146,0.992414467,0.983463257,0.166422656,0.048192361,289.94,2.00E-06
2020,8,5,12,10,5,12,12,49,948.507,948.5089,21,-1.795445322,-1.795445322,0.310764425,0.000310764,Mud flat,6.90E-156,4.25E-158,0.987432241,0.988197608,-0.190628516,0.032994912,289.94,1.76E-06
2020,8,5,12,14,50,12,19,35,948.5103,948.5136,15,0,-0.028243657,0.175306166,0.000175306,Mud flat,0.000106062,5.57E-195,0.051619914,0.956220032,-0.00262828,0.01631353,289.94,2.01E-06
2020,8,5,12,20,53,12,24,12,948.5145,948.5168,14,0,0.069711113,0.183422356,0.000183422,Mud flat,7.67E-11,8.80E-152,0.19382928,0.969868528,0.006444305,0.016956114,289.94,2.02E-06
2020,8,5,12,39,28,12,46,22,948.5274,948.5322,24,-0.365072614,0.308714666,5.536825415,0.002010212,S. foliosa,1.64E-83,1.23E-170,0.901701347,0.991736024,-0.038225099,0.579735897,290.14,1.79E-06
2020,8,5,12,43,30,12,42,12,948.5302,948.5293,1,0,-0.365072614,2.010211596,0.005536825,S. foliosa,1.81E-51,4.33E-260,0.736989318,0.999043419,0.030576864,0.199102841,290.14,1.89E-06
2020,8,5,12,48,24,12,51,24,948.5336,948.5357,2,-1.21506243,-1.21506243,6.446040892,0.006446041,S. foliosa,5.62E-160,1.34E-256,0.982848191,0.998571819,-0.124487687,0.660420982,290.14,1.83E-06
2020,8,5,12,52,25,12,54,26,948.5364,948.5378,13,0,-0.265533324,2.520213462,0.002520213,S. foliosa,3.66E-32,1.90E-162,0.691373329,0.997999635,-0.026083031,0.247557648,290.14,1.90E-06
2020,8,26,13,34,46,13,37,12,969.5658,969.5675,22,-0.600859035,-0.600859035,11.20096734,0.011200967,S. pacifica,6.66E-77,7.34E-81,0.90920354,0.919991464,-0.062130782,1.158216517,290.31,1.81E-06
2020,8,26,13,40,31,13,43,24,969.5698,969.5718,14,1.552253325,1.552253325,1.698505095,0.001698505,Mud flat,1.74E-178,5.96E-138,0.991387255,0.974344685,0.150701042,0.164899945,290.31,1.93E-06
2020,8,26,13,44,33,13,48,0,969.5726,969.575,15,2.441880721,2.441880721,0.322610866,0.000322611,Mud flat,7.41E-241,3.87E-135,0.995204677,0.949054393,0.239018014,0.031578041,290.31,1.91E-06
2020,8,26,13,49,18,13,51,27,969.5759,969.5774,21,-1.260830661,-1.260830661,0.506475328,0.000506475,Mud flat,6.08E-102,4.24E-97,0.972684244,0.967485165,-0.133442303,0.053603736,290.31,1.77E-06
2020,8,26,13,53,12,13,55,12,969.5786,969.58,16,0.654650196,0.654650196,0.566389884,0.00056639,S. pacifica,1.48E-66,1.05E-116,0.918266043,0.988256108,0.06172163,0.053400285,290.31,1.99E-06
2020,8,26,13,56,22,13,58,13,969.5808,969.5821,17,0,-0.290434729,0.763910406,0.00076391,Mud flat,5.41E-30,1.15E-135,0.693227635,0.996311159,-0.031111696,0.081830944,290.31,1.75E-06
2020,8,26,14,0,49,14,2,33,969.5839,969.5851,18,0.830497784,0.830497784,0.433636383,0.000433636,S. foliosa,2.04E-61,1.06E-87,0.932180473,0.979291501,0.08103326,0.042310733,290.22,1.92E-06
2020,8,26,14,4,8,14,7,44,969.5862,969.5887,19,0.585980285,0.585980285,0.565665752,0.000565666,S. foliosa,7.11E-152,1.39E-169,0.960268721,0.972857689,0.054925998,0.053021845,290.22,2.00E-06
2020,8,26,14,9,11,14,11,28,969.5897,969.5913,20,0,-0.307962039,2.876887112,0.002876887,S. foliosa,1.40E-53,5.59E-185,0.826511031,0.997969817,-0.0322542,0.301308868,290.22,1.79E-06
2020,8,26,14,15,31,14,17,48,969.5941,969.5957,24,0,0.251511776,8.000853256,0.008000853,S. foliosa,1.79E-41,7.19E-269,0.738808928,0.999881462,0.026729646,0.850298067,290.22,1.76E-06
2020,8,26,14,19,24,14,22,51,969.5968,969.5992,1,1.541444546,1.541444546,6.552900156,0.0065529,S. foliosa,1.23E-236,5.43E-224,0.99486337,0.993176233,0.162657638,0.691480772,290.22,1.77E-06
2020,8,26,14,24,1,14,26,18,969.6,969.6016,2,0,-0.323015071,4.531146626,0.004531147,S. foliosa,1.08E-49,2.12E-181,0.802155448,0.997708221,-0.03383077,0.474566644,290.22,1.79E-06
2020,8,26,14,27,45,14,30,20,969.6026,969.6044,13,0,0.260696268,1.863028838,0.001863029,S. foliosa,4.63E-51,7.65E-172,0.77035183,0.99378869,0.026522742,0.189541006,290.22,1.84E-06
2020,8,26,14,32,30,14,34,5,969.6059,969.607,23,0.680312275,0.680312275,0.866440338,0.00086644,S. pacifica,5.59E-50,2.05E-114,0.908027415,0.996212457,0.072323236,0.092110302,290.31,1.76E-06
2020,8,26,14,38,33,14,41,17,969.6101,969.612,9,4.481202699,4.481202699,1.839479694,0.00183948,Mud flat,4.54E-195,8.45E-215,0.99587382,0.997645098,0.459384973,0.188571994,290.31,1.83E-06
2020,8,26,14,42,18,14,44,18,969.6127,969.6141,8,2.379668104,2.379668104,3.989381314,0.003989381,Mud flat,3.47E-116,2.85E-204,0.98801732,0.999603565,0.251187258,0.421101477,290.31,1.77E-06
2020,8,26,14,44,53,14,46,28,969.6145,969.6156,7,-0.98736751,-0.98736751,0.739450808,0.000739451,Mud flat,2.72E-55,1.87E-78,0.929282058,0.977530224,-0.098260386,0.073588326,290.31,1.88E-06
2020,8,26,14,48,21,14,50,47,969.6169,969.6186,6,1.886033734,1.886033734,1.966298184,0.001966298,Mud flat,3.42E-128,3.56E-108,0.981883927,0.96579316,0.197593752,0.206002803,290.31,1.79E-06
2020,8,26,14,51,57,14,53,57,969.6194,969.6208,10,2.075561263,2.075561263,1.180036988,0.001180037,S. pacifica,6.02E-117,2.34E-165,0.988364771,0.99821271,0.1985147,0.112863298,290.31,1.96E-06
2020,8,26,14,55,33,14,57,16,969.6219,969.6231,4,0,0.484318929,3.083122009,0.003083122,S. pacifica,1.51E-40,6.88E-133,0.829190717,0.997460688,0.043692187,0.278139744,290.31,2.08E-06
2020,8,26,14,58,34,14,59,51,969.624,969.6249,3,2.073591206,2.073591206,46.46829304,0.046468293,S. pacifica,3.04E-67,1.59E-106,0.981084644,0.998249382,0.201069601,4.505883863,290.31,1.93E-06
2020,8,26,15,1,36,15,3,27,969.6261,969.6274,11,0,-0.111775213,0.994079122,0.000994079,S. pacifica,2.09E-10,4.98E-144,0.308356008,0.997400811,-0.013212236,0.117503758,290.11,1.58E-06
2020,8,26,15,17,35,15,20,18,969.6372,969.6391,5,0,-0.371110407,2.404013638,0.002404014,S. pacifica,5.04E-68,3.09E-231,0.847389517,0.998524131,-0.040639628,0.263259179,290.11,1.71E-06
2020,9,9,12,34,17,12,37,44,983.5238,983.5262,9,4.286456448,4.286456448,0.5459508,0.000545951,Mud flat,0,2.52E-261,0.999276475,0.997050154,0.446377062,0.056853468,290.72,1.80E-06
2020,9,9,12,38,53,12,41,54,983.527,983.5291,8,5.392399145,5.392399145,1.141018506,0.001141019,Mud flat,7.01E-295,1.47E-264,0.999443784,0.998791797,0.56154619,0.118821804,290.72,1.80E-06
2020,9,9,12,42,55,12,46,13,983.5298,983.5321,6,5.372237606,5.372237606,0.734428165,0.000734428,Mud flat,0,1.79E-278,0.99948297,0.998440847,0.563627116,0.077052368,290.72,1.79E-06
2020,9,9,12,46,57,12,48,49,983.5326,983.5339,7,6.223709503,6.223709503,0.379801875,0.000379802,Mud flat,3.85E-165,1.45E-95,0.998925992,0.980231735,0.612569878,0.037382077,290.72,1.90E-06
2020,9,9,12,50,16,12,53,8,983.5349,983.5369,5,1.790885119,1.790885119,1.134471342,0.001134471,S. pacifica,2.98E-188,1.73E-258,0.993379099,0.999001274,0.168155179,0.1065212,290.72,2.00E-06
2020,9,9,12,54,1,12,56,18,983.5375,983.5391,10,2.262039121,2.262039121,0.567294113,0.000567294,S. pacifica,3.90E-128,1.04E-110,0.986086454,0.974900663,0.210325684,0.052747329,290.72,2.02E-06
2020,9,9,12,57,19,12,59,28,983.5398,983.5413,3,1.85081853,1.85081853,34.09837557,0.034098376,S. pacifica,4.05E-128,5.85E-207,0.989347242,0.999375375,0.176138533,3.24507116,290.72,1.97E-06
2020,9,9,13,0,55,13,2,47,983.5423,983.5436,4,1.768159379,1.768159379,9.832589749,0.00983259,S. pacifica,6.87E-105,8.76E-145,0.986089455,0.997341898,0.163792218,0.910835135,290.54,2.02E-06
2020,9,9,13,4,23,13,6,6,983.5447,983.5459,11,2.651294306,2.651294306,0.768171848,0.000768172,S. pacifica,9.37E-117,9.43E-124,0.994700924,0.996148381,0.317480967,0.091985239,290.54,1.56E-06
2020,9,9,13,7,33,13,9,33,983.5469,983.5483,12,1.118271386,1.118271386,0.566540001,0.00056654,S. foliosa,5.32E-118,3.26E-146,0.988829654,0.996250755,0.150278878,0.076134467,290.54,1.39E-06
2020,9,9,13,12,9,13,14,27,983.5501,983.5517,14,2.278852755,2.278852755,0.490561464,0.000490561,Mud flat,7.68E-157,2.35E-133,0.994735973,0.988340735,0.22725015,0.048919425,290.54,1.88E-06
2020,9,9,13,15,11,13,17,11,983.5522,983.5536,15,0.871370776,0.871370776,0,0.000117778,Mud flat,1.72E-78,7.74E-49,0.948484247,0.837866139,0.081766712,0.01105189,290.54,2.00E-06
2020,9,9,13,17,55,13,19,29,983.5541,983.5552,21,1.391846096,1.391846096,0.385250209,0.00038525,Mud flat,9.24E-79,5.47E-74,0.977866963,0.97196912,0.150363088,0.041619121,290.54,1.73E-06
2020,9,9,13,21,31,13,23,40,983.5566,983.5581,16,0.944128194,0.944128194,0.982111957,0.000982112,S. pacifica,3.97E-86,6.27E-111,0.952896533,0.980831739,0.088594041,0.092158318,290.54,2.00E-06
2020,9,9,13,25,7,13,27,24,983.5591,983.5607,17,1.195526139,1.195526139,0.333737978,0.000333738,Mud flat,1.11E-117,5.44E-124,0.980178229,0.983990487,0.126294439,0.035255817,290.54,1.77E-06
2020,9,9,13,28,25,13,30,9,983.5614,983.5626,18,0.857604555,0.857604555,8.149417828,0.008149418,S. foliosa,1.05E-60,1.31E-86,0.929977106,0.978244682,0.086133591,0.818487517,290.54,1.87E-06
2020,9,9,13,31,27,13,33,19,983.5635,983.5648,19,0.965274702,0.965274702,0,0.000139094,S. foliosa,1.91E-75,3.34E-51,0.954118707,0.87349817,0.094942,0.013680938,290.52,1.90E-06
2020,9,9,13,33,54,13,36,12,983.5652,983.5668,20,0.507262695,0.507262695,0.413813142,0.000413813,S. foliosa,1.08E-71,1.81E-134,0.905987201,0.988772192,0.052039026,0.042452231,290.52,1.83E-06
2020,9,9,13,37,38,13,39,13,983.5678,983.5689,22,2.691163988,2.691163988,2.263703586,0.002263704,S. pacifica,6.88E-105,5.97E-151,0.99392951,0.999379587,0.284272872,0.239119401,290.52,1.77E-06
2020,9,9,13,42,41,13,44,24,983.5713,983.5725,24,1.781347432,1.781347432,2.688587519,0.002688588,S. foliosa,3.25E-97,1.43E-168,0.987084817,0.999500914,0.181418234,0.273814524,290.52,1.84E-06
2020,9,9,13,45,25,13,47,34,983.5732,983.5747,1,0.959952314,0.959952314,0.353660551,0.000353661,S. foliosa,3.13E-97,6.51E-117,0.967639899,0.984058088,0.101401625,0.03735785,290.52,1.77E-06
2020,9,9,13,48,26,13,50,27,983.5753,983.5767,2,1.6527455,1.6527455,3.064404433,0.003064404,S. foliosa,4.34E-115,2.90E-186,0.987497309,0.999204169,0.169551727,0.314370885,290.52,1.83E-06
2020,9,9,13,52,28,13,54,55,983.5781,983.5798,13,1.703539349,1.703539349,1.426603859,0.001426604,S. foliosa,1.87E-160,2.34E-108,0.993497354,0.96599108,0.173494004,0.145289991,290.52,1.84E-06
2020,9,9,13,56,48,13,58,48,983.5811,983.5825,23,2.343835006,2.343835006,0.245239113,0.000245239,S. pacifica,3.36E-144,6.00E-80,0.996132242,0.952540564,0.280644732,0.029364296,290.52,1.56E-06
2020,9,25,10,59,32,11,3,42,999.458,999.4609,9,1.220201457,1.220201457,0.200841343,0.000200841,Mud flat,6.39E-265,1.83E-251,0.992417108,0.990264418,0.133926041,0.022043807,290.77,1.71E-06
2020,9,25,11,7,27,11,9,45,999.4635,999.4651,5,0.75410736,0.75410736,0.379254317,0.000379254,S. pacifica,1.58E-96,1.18E-138,0.959435239,0.990255132,0.077524744,0.038988605,291.13,1.83E-06
2020,9,25,11,23,52,11,26,10,999.4749,999.4765,3,1.374724264,1.374724264,5.379753322,0.005379753,S. pacifica,3.57E-124,1.05E-238,0.984089469,0.999670821,0.1336792,0.523131175,291.13,1.93E-06
2020,9,25,11,29,3,11,34,57,999.4785,999.4826,6,2.672146235,2.672146235,0.714913079,0.000714913,Mud flat,0,0,0.998113322,0.999513803,0.284875258,0.076216281,291.13,1.76E-06
2020,9,25,11,37,24,11,42,43,999.4843,999.488,8,2.106122565,2.106122565,0.274316088,0.000274316,Mud flat,0,0,0.998857894,0.995729902,0.223109408,0.029059325,291.35,1.77E-06
2020,9,25,11,50,4,11,51,48,999.4931,999.4943,7,1.909520319,1.909520319,0.257511932,0.000257512,Mud flat,9.06E-104,3.99E-72,0.989973622,0.958172093,0.193704033,0.026122319,291.35,1.85E-06
2020,9,25,12,3,2,12,5,37,999.5021,999.5039,10,0,-0.349377869,0.936228816,0.000936229,S. pacifica,4.71E-46,6.52E-215,0.735636827,0.998356556,-0.034524798,0.092516193,291.88,1.90E-06
2020,9,25,12,10,31,12,11,40,999.5073,999.5081,4,0,0.611702219,3.231521473,0.003231521,S. pacifica,3.42E-22,1.48E-77,0.755834527,0.994544911,0.054797881,0.289488126,291.88,2.10E-06
2020,9,25,12,17,17,12,20,18,999.512,999.5141,11,0.798554052,0.798554052,0.535756078,0.000535756,S. pacifica,1.30E-119,3.44E-235,0.950733598,0.997438682,0.0964858,0.064733068,291.88,1.56E-06
2020,9,25,12,43,30,12,46,31,999.5302,999.5323,12,0.486934124,0.486934124,5.985811231,0.005985811,S. foliosa,6.70E-139,1.79E-207,0.970503488,0.994945957,0.069758584,0.857532249,292.28,1.32E-06
2020,9,25,13,4,48,13,6,40,999.545,999.5463,21,-1.234909688,-1.234909688,0.404480513,0.000404481,Mud flat,1.44E-68,6.13E-95,0.937252865,0.978981574,-0.13659386,0.044739753,293.03,1.71E-06
2020,9,25,13,15,45,13,17,28,999.5526,999.5538,17,0,-0.59528121,0.633592655,0.000633593,Mud flat,4.15E-44,1.72E-104,0.851971568,0.990294757,-0.064605649,0.068763576,293.03,1.74E-06
2020,9,25,13,23,6,13,24,58,999.5577,999.559,20,0,-0.001915552,0.800549431,0.000800549,S. foliosa,0.900054387,1.20E-77,0.000144038,0.958155376,-0.000215144,0.089913298,293.03,1.68E-06
2020,9,25,13,27,34,13,30,9,999.5608,999.5626,19,0,-0.005575265,0.256815719,0.000256816,S. foliosa,0.62019497,7.39E-125,0.001609145,0.975290464,-0.000581902,0.026804389,293.03,1.81E-06
2020,9,25,13,44,24,13,53,28,999.5725,999.5788,16,-0.536854802,-0.536854802,0.236857921,0.000236858,S. pacifica,1.60E-293,0,0.915493344,0.993418762,-0.050189903,0.022143559,293.22,2.02E-06
2020,9,25,14,27,45,14,33,4,999.6026,999.6063,18,0.206996042,0.206996042,0.239959307,0.000239959,S. foliosa,1.23E-187,3.95252516672997e-323,0.931945556,0.990429318,0.025248909,0.029269693,293.43,1.55E-06
2020,9,25,14,41,9,14,44,36,999.6119,999.6143,15,0,-0.299176001,0,6.27E-05,Mud flat,2.88E-97,2.66E-77,0.882477138,0.81603665,-0.02972095,0.006229408,293.43,1.90E-06
2020,9,25,14,45,37,14,48,46,999.615,999.6172,14,0,0.47465246,0.299476764,0.000299477,Mud flat,1.66E-65,3.77E-158,0.789402893,0.978204023,0.045885489,0.028950946,293.43,1.96E-06
2020,9,25,14,49,47,14,52,39,999.6179,999.6199,22,0,-0.306342391,0.338462071,0.000338462,S. pacifica,8.19E-32,1.05E-155,0.554190675,0.984094196,-0.033469265,0.036978482,293.43,1.73E-06
2020,9,25,14,58,51,15,1,0,999.6242,999.6257,23,1.524120136,1.524120136,0.54783245,0.000547832,S. pacifica,2.64E-129,2.65E-153,0.989791841,0.995694795,0.185908725,0.066823362,293.43,1.55E-06
2020,9,25,15,2,53,15,5,28,999.627,999.6288,13,0,0.325453201,0,0.000220142,S. foliosa,4.75E-61,0.000708002,0.829568093,0.071986478,0.032600266,0.022051319,293.43,1.89E-06
2020,9,25,15,8,22,15,10,22,999.6308,999.6322,2,0,0.394852239,7.228389443,0.007228389,S. foliosa,1.77E-41,2.29E-135,0.784568282,0.994295459,0.04150187,0.759756808,293.43,1.80E-06
2020,9,25,15,12,15,15,15,33,999.6335,999.6358,1,0,0.114064755,0.562403396,0.000562403,S. foliosa,4.55E-41,1.02E-129,0.600076746,0.949536499,0.012931241,0.063758291,293.43,1.67E-06
2020,9,25,15,22,46,15,26,30,999.6408,999.6434,24,0,0.21791548,1.605193542,0.001605194,S. foliosa,1.48E-107,1.94E-197,0.888106185,0.982652241,0.026580837,0.195797875,293.43,1.55E-06
2020,10,2,11,6,44,11,8,10,1006.463,1006.464,6,1.812816158,1.812816158,0.651397122,0.000651397,Mud flat,1.69E-65,4.05E-90,0.969594453,0.992114365,0.215378924,0.077391858,300.2786,1.63E-06
2020,10,2,11,11,3,11,12,29,1006.466,1006.467,7,0,-0.69098093,0,0.000110781,Mud flat,1.37E-32,6.17E-28,0.815655259,0.762285341,-0.072334035,0.011596868,300.2786,1.85E-06
2020,10,2,11,13,56,11,15,22,1006.468,1006.469,8,0.921463741,0.921463741,0.422438828,0.000422439,Mud flat,2.78E-44,1.05E-61,0.902787168,0.962567634,0.098897382,0.045338837,300.2786,1.80E-06
2020,10,2,11,18,15,11,19,41,1006.471,1006.472,9,0,0.555963838,0.238676422,0.000238676,Mud flat,2.53E-23,1.46E-46,0.694213058,0.91419985,0.058748847,0.025221001,300.2786,1.83E-06
2020,10,2,11,21,43,11,23,28,1006.47341,1006.47463,5,1.096498055,1.096498055,0,6.08E-05,S. pacifica,4.68E-75,1.43E-11,0.960941442,0.356454476,0.111840411,0.006205255,300.2786,1.90E-06
2020,10,2,11,24,41,11,26,19,1006.47547,1006.47661,10,0,-0.077003294,0.473267026,0.000473267,S. pacifica,0.001318836,1.76E-79,0.101379908,0.974960198,-0.007903216,0.048573655,300.2786,1.89E-06
2020,10,2,11,27,49,11,29,37,1006.47764,1006.4789,4,0.83727479,0.83727479,0.710214108,0.000710214,S. pacifica,4.53E-62,2.13E-110,0.927014897,0.991053293,0.075831114,0.064323359,300.2786,2.14E-06
2020,10,2,11,30,53,11,32,46,1006.47978,1006.48109,3,0,0.34602367,0.892627855,0.000892628,S. pacifica,4.52E-26,2.87E-142,0.63209014,0.996891684,0.036778372,0.094876167,301,1.83E-06
2020,10,2,11,33,41,11,35,27,1006.48172,1006.48295,11,0,-0.549355793,0.755204459,0.000755204,S. pacifica,1.78E-44,9.03E-121,0.848886896,0.994839026,-0.067040668,0.092161423,301,1.59E-06
2020,10,2,11,37,40,11,38,56,1006.48449,1006.48537,12,0,0.242412988,18.2254554,0.018225455,S. foliosa,2.85E-15,1.90E-108,0.571777877,0.998692132,0.033749487,2.537404375,301,1.39E-06
2020,10,2,11,42,53,11,43,24,1006.48811,1006.48847,20,0,-0.076894754,18.08941366,0.018089414,S. foliosa,0.550214301,1.32E-26,0.012443752,0.981273182,-0.008736694,2.055298387,301,1.71E-06
2020,10,2,11,46,1,11,47,41,1006.49028,1006.49145,19,0,0.1901101,0.34373549,0.000343735,S. foliosa,3.89E-15,8.28E-74,0.465699487,0.964875855,0.022424916,0.040546185,301,1.65E-06
2020,10,2,11,48,56,11,50,41,1006.49231,1006.49353,18,0,0.222309343,0.407659011,0.000407659,S. foliosa,2.87E-20,3.35E-97,0.563827729,0.985936033,0.025258532,0.046317748,301,1.71E-06
2020,10,2,11,51,49,11,53,37,1006.49431,1006.49557,17,-0.968111944,-0.968111944,0.367577622,0.000367578,Mud flat,1.08E-60,2.79E-87,0.92063111,0.974714364,-0.10704286,0.040642573,301,1.76E-06
2020,10,2,11,55,17,11,57,2,1006.49672,1006.49794,16,-1.687054186,-1.687054186,0,0.000119838,S. pacifica,1.01E-90,8.07E-38,0.980476082,0.797209611,-0.161905444,0.011500768,301,2.02E-06
2020,10,2,11,58,17,11,59,51,1006.4988,1006.4999,15,0,-0.407327889,0,0.000134461,Mud flat,6.92E-32,1.26E-36,0.77508019,0.822032393,-0.042382853,0.013990761,301,1.87E-06
2020,10,2,12,1,40,12,3,11,1006.50115,1006.50221,21,-2.058005979,-2.058005979,0.211436217,0.000211436,Mud flat,5.75E-83,5.60E-68,0.985004366,0.967438312,-0.345718427,0.035518554,301.19,1.16E-06
2020,10,2,12,4,25,12,6,2,1006.50306,1006.50419,14,0,-0.478503781,0.407643533,0.000407644,Mud flat,1.30E-35,9.51E-75,0.802794678,0.969768707,-0.048792979,0.041567367,301.19,1.90E-06
2020,10,2,12,8,36,12,10,29,1006.50597,1006.50728,22,0,-0.067803434,1.194087824,0.001194088,S. pacifica,0.009499848,3.55E-141,0.059054426,0.996912738,-0.00744504,0.131114761,301.19,1.77E-06
2020,10,2,12,14,36,12,16,13,1006.51013,1006.51126,24,-0.786317148,-0.786317148,0.336113279,0.000336113,S. foliosa,1.91E-54,1.13E-83,0.922089227,0.981094308,-0.101006825,0.043175626,301.19,1.51E-06
2020,10,2,12,17,37,12,19,41,1006.51223,1006.51367,1,0,0.091688544,0.399488945,0.000399489,S. foliosa,2.82E-09,2.51E-102,0.250353954,0.976747211,0.010424123,0.045418126,301.19,1.71E-06
2020,10,2,12,20,52,12,22,39,1006.51448,1006.51573,2,0.636217627,0.636217627,5.188409387,0.005188409,S. foliosa,3.45E-56,1.80E-152,0.905783481,0.998561716,0.06992088,0.570210781,301.19,1.77E-06
2020,10,2,12,23,55,12,25,5,1006.5166,1006.51742,13,-1.016356254,-1.016356254,1.182508764,0.001182509,S. foliosa,4.82E-42,7.20E-80,0.93215357,0.994560988,-0.102246345,0.118961435,301.19,1.93E-06
2020,10,2,12,27,9,12,28,31,1006.51885,1006.5198,23,0,0.072728333,0.366586698,0.000366587,S. pacifica,0.014093186,4.17E-58,0.072998112,0.960953969,0.009028134,0.045506253,301.19,1.56E-06
2020,10,30,9,3,30,9,5,4,1034.37742,1034.37852,6,1.313285569,1.313285569,0.434912101,0.000434912,Mud flat,1.67E-77,1.10E-62,0.9764454,0.950951076,0.139955459,0.046348124,284.53,1.72E-06
2020,10,30,9,6,17,9,7,16,1034.37936,1034.38005,8,1.62475219,1.62475219,0.521822532,0.000521823,Mud flat,1.87E-39,3.50E-32,0.950111833,0.911185188,0.164659739,0.052883857,284.53,1.81E-06
2020,10,30,9,8,10,9,9,16,1034.38067,1034.38144,9,0,0.802111887,0,-6.89E-05,Mud flat,1.18E-29,3.95E-09,0.862001325,0.415485363,0.082981682,-0.007126666,284.53,1.77E-06
2020,10,30,9,10,0,9,11,10,1034.38194,1034.38275,7,0,0.534199008,0,4.46E-05,Mud flat,1.07E-17,0.000188007,0.662523861,0.18665079,0.052988715,0.004427959,284.53,1.85E-06
2020,10,30,9,12,3,9,13,8,1034.38336,1034.38412,5,0,0.245041698,0,0.000109,S. pacifica,2.78E-07,6.05E-12,0.344383157,0.530735831,0.024306381,0.010812063,284.53,1.89E-06
2020,10,30,9,12,3,9,13,8,1034.38336,1034.38412,10,0,0.250244282,0,0.000111315,S. pacifica,2.78E-07,6.05E-12,0.344383157,0.530735831,0.024306381,0.010812063,284.53,1.85E-06
2020,10,30,9,16,50,9,18,8,1034.38668,1034.38759,4,0,0.462175487,0,0.000142162,S. pacifica,1.09E-24,1.03E-15,0.751573727,0.573520501,0.041444834,0.012748138,284.53,2.05E-06
2020,10,30,9,19,25,9,20,30,1034.38848,1034.38924,11,0,-0.265126361,0.279195097,0.000279195,S. pacifica,1.47E-09,6.08E-36,0.437757022,0.914836632,-0.031358626,0.033022649,284.53,1.55E-06
2020,10,30,9,19,25,9,20,30,1034.38848,1034.38924,17,0,-0.304499303,0.320657336,0.000320657,Mud flat,1.47E-09,6.08E-36,0.437757022,0.914836632,-0.031358626,0.033022649,284.53,1.78E-06
2020,10,30,9,25,44,9,28,12,1034.39286,1034.39458,16,0,0.10576802,0,7.13E-05,S. pacifica,1.13E-09,4.81E-39,0.224968642,0.690830753,0.009720899,0.006553527,284.53,2.00E-06
2020,10,30,9,29,46,9,31,47,1034.39566,1034.39707,21,0,-0.308180272,0,0.000232384,Mud flat,3.50E-32,2.59E-51,0.691603283,0.852653976,-0.032842447,0.024764869,284.53,1.72E-06
2020,11,11,12,43,36,12,45,53,1046.53027,1046.53186,9,0,-0.496849102,0,4.11E-05,Mud flat,9.11E-57,3.79E-21,0.846366224,0.48426333,-0.051892401,0.004287621,287.25,1.77E-06
2020,11,11,12,47,46,12,50,38,1046.53316,1046.53516,10,-1.598397137,-1.598397137,0,6.73E-05,S. pacifica,5.54E-149,2.32E-56,0.981377284,0.771388826,-0.159861575,0.006732654,287.25,1.85E-06
2020,11,11,12,53,44,12,56,23,1046.53731,1046.53916,5,-0.676710476,-0.676710476,0,8.29E-05,S. pacifica,1.53E-107,1.37E-58,0.953981177,0.808514246,-0.066274981,0.008123022,287.25,1.89E-06
2020,11,11,12,58,23,13,0,49,1046.54054,1046.54223,11,-1.148067516,-1.148067516,0.151759484,0.000151759,S. pacifica,1.23E-114,2.44E-94,0.972822258,0.947996978,-0.137089289,0.018121408,287.25,1.55E-06
2020,11,11,13,3,53,13,6,22,1046.54436,1046.54609,16,-1.732657928,-1.732657928,0,7.10E-05,S. pacifica,1.03E-132,4.42E-44,0.982925194,0.731325757,-0.16067896,0.006586426,287.13,2.00E-06
2020,11,11,13,18,4,13,20,32,1046.55421,1046.55593,21,-1.487357284,-1.487357284,0.161717172,0.000161717,Mud flat,6.40E-137,4.89E-98,0.985443105,0.950798061,-0.159954508,0.017391511,287.13,1.72E-06
2020,11,11,13,25,29,13,28,13,1046.55936,1046.56126,2,-1.485591717,-1.485591717,0.731187304,0.000731187,S. foliosa,6.82E-148,1.70E-174,0.98422568,0.992594814,-0.157395091,0.077467645,287.13,1.75E-06
2020,11,11,13,31,35,13,34,19,1046.56359,1046.5655,23,-1.436367097,-1.436367097,0.155502567,0.000155503,S. pacifica,1.90E-150,1.97E-106,0.984944811,0.947803648,-0.160765554,0.017404643,286.97,1.65E-06
2020,11,11,14,29,4,14,31,22,1046.60351,1046.60512,6,0,-0.244842609,0.132870523,0.000132871,Mud flat,7.71E-33,5.22E-76,0.647720237,0.917252949,-0.026328299,0.01428777,287.1,1.72E-06
2020,11,11,14,32,16,14,34,36,1046.60574,1046.60736,8,0,-0.296142223,0,0.000110401,Mud flat,3.09E-25,1.58E-56,0.543086862,0.838676455,-0.030277825,0.011287486,287.42,1.81E-06
2020,11,11,14,38,6,14,45,30,1046.60979,1046.61493,4,0,-0.808550573,0,0.001376016,S. pacifica,1.87E-18,2.18E-47,0.523860798,0.867146692,-0.025783822,0.017265385,287.42,2.05E-06
2020,11,11,14,43,41,14,39,51,1046.61366,1046.61101,13,-0.808550573,-0.284639316,1.376015597,0.0001906,S. foliosa,5.27E-64,1.43E-92,0.931171918,0.979862302,-0.081466759,0.138642573,287.42,1.84E-06
2020,12,30,9,55,34,10,5,40,1095.41358,1095.4206,13,-2.999525252,-0.892283011,0,0.000243357,S. foliosa,2.44E-146,2.67E-64,0.987055013,0.847215199,-0.279785921,0.038763076,278.126,1.92E-06
2020,12,30,9,59,5,9,58,9,1095.41603,1095.41538,23,-0.670894164,-2.999525252,0,0.000415571,S. pacifica,1.69E-86,2.64E-22,0.911041457,0.444444237,-0.072090797,0.003358466,278.126,1.67E-06
2020,12,30,10,3,27,10,1,47,1095.41906,1095.41791,2,-0.892283011,-0.670894164,0.243356502,3.13E-05,S. foliosa,3.33E-79,1.39E-90,0.934033953,0.955775594,-0.083197912,0.022690954,279.157,1.93E-06
2020,12,30,10,14,19,10,16,56,1095.4266,1095.42843,22,0,-0.477426718,0,3.68E-05,S. pacifica,1.96E-68,9.76E-23,0.859766815,0.461695778,-0.047409196,0.003653164,279.157,1.81E-06
2020,12,30,10,19,25,10,21,22,1095.43014,1095.4315,18,-1.623070449,-1.623070449,0,1.95E-05,S. foliosa,1.70E-97,0.000173574,0.978291958,0.115838597,-0.171029013,0.002054804,279.157,1.71E-06
2020,12,30,10,22,10,10,23,51,1095.43205,1095.43323,16,-1.835313363,-1.835313363,0,1.83E-05,S. pacifica,8.30E-90,0.003344285,0.982610562,0.082885201,-0.167715953,0.001674404,279.157,1.97E-06
2020,12,30,10,26,12,10,28,23,1095.43485,1095.43638,6,-2.391802533,-2.391802533,0,8.05E-05,Mud flat,1.93E-127,5.39E-37,0.98829714,0.712458554,-0.239167623,0.008050435,279.157,1.80E-06
2020,12,30,10,29,21,10,31,11,1095.43704,1095.43832,7,-1.606812693,-1.606812693,0.234278186,0.000234278,Mud flat,7.89E-85,8.49E-63,0.970954228,0.925716474,-0.150803449,0.021987602,279.157,1.92E-06
2020,12,30,10,32,18,10,34,25,1095.43909,1095.44057,9,-1.14455287,-1.14455287,0,0.000116444,Mud flat,9.89E-82,1.66E-42,0.946016527,0.77394903,-0.112675486,0.011463331,280.826,1.84E-06
2020,12,30,10,35,44,10,37,34,1095.44148,1095.44275,5,-0.892536974,-0.892536974,0,0.000133729,S. pacifica,1.21E-59,3.77E-38,0.915034676,0.787827542,-0.080952663,0.012129162,280.826,2.00E-06
2020,12,30,10,38,20,10,40,12,1095.44328,1095.44458,10,0,-0.640605105,0,0.000119342,S. pacifica,7.12E-41,4.09E-35,0.805210002,0.752243249,-0.06048187,0.011267511,280.826,1.92E-06
2020,12,30,10,41,14,10,43,15,1095.4453,1095.4467,11,0,-0.009196765,0.370738355,0.000370738,S. pacifica,0.686278391,2.63E-109,0.001375781,0.98436219,-0.001073615,0.043279366,280.826,1.55E-06
2021,2,5,10,59,56,11,1,38,1132.45828,1132.45947,11,1.266055824,1.266055824,0,3.33E-05,S. pacifica,4.68E-86,2.54E-08,0.978521153,0.265617911,0.150229221,0.003949392,282.99,1.54E-06
2021,2,5,11,3,4,11,5,34,1132.46046,1132.4622,3,0,-0.413117035,0,8.30E-05,S. pacifica,9.98E-67,2.19E-38,0.865234376,0.676926817,-0.04419802,0.008878006,283.43,1.71E-06
2021,2,5,11,8,1,11,11,7,1132.4639,1132.46605,4,0,0.355447594,0,8.55E-05,S. pacifica,1.05E-72,2.90E-59,0.829958651,0.762061983,0.030724831,0.007387717,283.43,2.11E-06
2021,2,5,11,12,20,11,14,49,1132.46689,1132.46862,5,0,-0.282990655,0,4.02E-05,S. pacifica,2.32E-27,2.21E-22,0.551269541,0.476025963,-0.026287745,0.003731036,283.43,1.97E-06
2021,2,5,11,17,6,11,18,56,1132.4702,1132.47148,10,0.620114709,0.620114709,-0.970032459,-0.000970032,S. pacifica,4.84E-61,2.24E-125,0.919944349,0.994844014,0.06161325,-0.096380317,283.43,1.84E-06
2021,2,5,11,21,33,11,24,21,1132.47329,1132.47524,9,1.706036028,1.706036028,0.31150417,0.000311504,Mud flat,3.75E-166,1.97E-148,0.989493767,0.982823151,0.16835785,0.030740366,283.43,1.85E-06
2021,2,5,11,25,49,11,28,20,1132.47625,1132.47801,6,0,-0.339797011,0,-0.000451683,Mud flat,2.13E-21,8.49E-18,0.453027421,0.38970483,-0.034755787,-0.046199964,283.43,1.79E-06
2021,2,5,11,30,3,11,32,28,1132.4792,1132.48088,7,0,0.126117375,0.223709772,0.00022371,Mud flat,2.56E-10,2.50E-97,0.243183049,0.952738229,0.014867111,0.026371608,283.58,1.55E-06
2021,2,5,11,34,25,11,36,56,1132.48223,1132.48398,8,1.29540858,1.29540858,0,-0.00016942,Mud flat,5.25E-143,6.97E-75,0.987233166,0.895238485,0.131603597,-0.017211816,283.58,1.80E-06
2021,2,5,11,42,39,11,44,38,1132.48794,1132.48933,18,0,-0.449928161,0,7.31E-05,S. foliosa,3.95E-49,2.55E-34,0.842158066,0.719029114,-0.050482846,0.008203035,283.58,1.63E-06
2021,2,5,11,48,34,11,50,53,1132.49205,1132.49367,19,0,-0.631008121,3.195069817,0.00319507,S. foliosa,5.64E-66,2.27E-141,0.882262093,0.990481017,-0.066027323,0.334325184,283.58,1.75E-06
2021,2,5,11,53,27,11,55,33,1132.49544,1132.49691,17,0,-0.098586523,0.333016361,0.000333016,Mud flat,2.89E-06,3.45E-100,0.161217465,0.973277604,-0.010801333,0.036485928,283.58,1.67E-06
2021,2,5,11,59,17,12,1,22,1132.4995,1132.50095,16,0,0.668761906,0.229278048,0.000229278,S. pacifica,5.31E-63,5.27E-74,0.896802786,0.93139949,0.058932853,0.020204514,283.58,2.08E-06
2021,2,5,11,59,17,12,1,26,1132.4995,1132.501,16,0.672523051,0.672523051,0.228084455,0.000228084,S. pacifica,4.82E-67,5.37E-76,0.904176931,0.930548973,0.059264294,0.020099332,283.58,2.08E-06
2021,2,5,12,5,18,12,7,32,1132.50368,1132.50523,21,-1.289920026,-1.289920026,0,0.000128402,Mud flat,1.55E-103,2.83E-56,0.971176196,0.850236279,-0.141605259,0.014095712,284.14,1.67E-06
2021,2,5,12,8,50,12,11,39,1132.50613,1132.50809,15,0,-0.31007731,2.825974738,0.002825975,Mud flat,9.83E-39,3.56E-239,0.63845487,0.998558491,-0.031111616,0.283544254,284.14,1.83E-06
2021,2,5,12,14,7,12,16,14,1132.5098,1132.51127,14,0,-0.175092113,2.503351211,0.002503351,Mud flat,5.89E-09,7.25E-208,0.238168773,0.999494029,-0.017198022,0.245885944,284.14,1.87E-06
2021,2,5,12,18,12,12,20,18,1132.51263,1132.5141,22,-0.94389834,-0.94389834,0,-4.12E-05,S. pacifica,3.59E-89,3.84E-18,0.95990384,0.454214682,-0.095527811,-0.004174576,284.14,1.81E-06
2021,2,5,12,24,42,12,26,52,1132.51715,1132.51866,2,0,0.527436143,0.864063941,0.000864064,S. foliosa,4.43E-63,2.12E-118,0.887598153,0.984387998,0.055298762,0.090592324,284.14,1.75E-06
2021,2,5,12,27,32,12,29,26,1132.51911,1132.52044,13,0,-0.408127176,0.345471627,0.000345472,S. foliosa,9.33E-38,2.36E-84,0.769040987,0.965353709,-0.040949452,0.034662905,284.14,1.83E-06
2021,2,5,12,30,10,12,32,17,1132.52094,1132.52242,23,0,-0.79156438,0,3.74E-05,S. pacifica,1.01E-61,3.97E-16,0.887883599,0.410097067,-0.089927706,0.004254515,284.78,1.62E-06
2021,2,5,12,34,5,12,36,19,1132.52366,1132.52522,1,0,0.401866584,0.510315738,0.000510316,S. foliosa,7.80E-56,5.71E-144,0.845749108,0.992698792,0.044215608,0.05614779,284.78,1.67E-06
2021,2,5,12,37,12,12,39,16,1132.52583,1132.52727,24,0,-0.525512065,0.299150624,0.000299151,S. foliosa,4.87E-55,1.81E-86,0.863552529,0.957900903,-0.058731846,0.033433425,284.78,1.64E-06
2021,2,18,11,35,14,12,46,57,1145.4828,1145.5326,6,0,-1.850768573,0.903263835,0.000146329,Mud flat,9.77E-46,1.62E-105,0.862447423,0.990734539,-0.090820911,0.096053505,283.92,1.72E-06
2021,2,18,11,37,50,12,46,57,1145.4846,1145.5326,7,0,-1.850768573,1.04454564,0.000146329,Mud flat,2.21E-10,6.54E-98,0.270794886,0.968421054,-0.013424712,0.10783075,283.92,1.77E-06
2021,2,18,11,40,17,12,50,7,1145.4863,1145.5348,8,0,-1.661963955,0.707123107,0.000136524,Mud flat,2.78E-38,8.00E-124,0.685837876,0.979187709,0.033108584,0.07381514,283.92,1.75E-06
2021,2,18,11,44,10,12,0,17,1145.489,1145.5002,9,0,0.072437539,1.841870337,0.000154327,Mud flat,0.012143377,4.87E-176,0.051693142,0.998817853,0.005035422,0.18830565,283.92,1.79E-06
2021,2,18,11,47,12,11,56,59,1145.4911,1145.4979,5,0,0.065417341,0,-0.000270338,S. pacifica,6.97E-10,3.93E-42,0.27646464,0.792699632,-0.012755903,0.011375026,283.92,2.11E-06
2021,2,18,11,50,13,11,49,12,1145.4932,1145.4925,10,0,-0.146822544,0.136875765,0.000130928,S. pacifica,0.344409408,6.26E-92,0.004995572,0.901279241,0.001115075,0.013530751,283.92,1.85E-06
2021,2,18,11,54,24,11,36,58,1145.4961,1145.484,4,0,-0.854057795,-0.270338212,0.000903264,S. pacifica,3.96E-05,1.22E-97,0.104826734,0.943950271,0.005700438,-0.023557153,283.92,2.10E-06
2021,2,18,11,58,8,11,39,59,1145.4987,1145.4861,3,0,-0.130043831,0,0.001044546,S. pacifica,8.76E-06,1.02E-57,0.143596204,0.866018861,0.007012072,0.014939082,283.92,1.89E-06
2021,2,18,12,1,10,11,42,43,1145.5008,1145.488,11,0,0.317168602,0.260091228,0.000707123,S. pacifica,2.65E-60,2.74E-86,0.8959039,0.961898575,0.057456395,0.030255385,284.51,1.58E-06
2021,2,18,12,4,46,11,46,11,1145.5033,1145.4904,12,-1.283284905,0.049252874,1.148296238,0.00184187,S. foliosa,5.79E-97,8.17E-106,0.96002819,0.970376585,-0.159868355,0.143051812,284.51,1.47E-06
2021,2,18,12,4,54,11,53,14,1145.5034,1145.4953,12,-1.221738817,0.01127999,1.095328356,0.000136876,S. foliosa,4.25E-93,1.46E-161,0.962453815,0.99680148,-0.152201101,0.136453208,284.51,1.47E-06
2021,2,18,12,9,13,12,3,10,1145.5064,1145.5022,20,-1.168409123,0.493925431,0,0.000260091,S. foliosa,3.32E-80,8.07E-55,0.940305237,0.851316868,-0.114913755,-0.020081962,284.51,1.87E-06
2021,2,18,12,12,6,12,7,3,1145.5084,1145.5049,19,0,-1.283284905,2.084200817,0.001148296,S. foliosa,6.86E-23,6.29E-138,0.488954557,0.986701808,-0.016237176,0.18782148,284.51,2.04E-06
2021,2,18,12,15,16,12,7,3,1145.5106,1145.5049,18,-1.561174474,-1.221738817,0,0.001095328,S. foliosa,6.50E-91,6.66E-15,0.959384158,0.378717896,-0.152451239,0.009666771,284.51,1.88E-06
2021,2,18,12,18,26,12,53,25,1145.5128,1145.5371,17,-2.202405386,-1.141756336,-0.408179869,0.000805848,Mud flat,7.32E-67,1.13E-64,0.946956941,0.941447829,-0.242091209,-0.044867652,284.51,1.67E-06
2021,2,18,12,20,53,12,35,25,1145.5145,1145.5246,16,0,-2.684965606,0,0.002756119,S. pacifica,1.14E-23,5.74E-10,0.521309141,0.245229214,-0.022190522,0.002459315,284.51,2.04E-06
2021,2,18,12,24,12,12,31,58,1145.5168,1145.5222,21,-2.542696899,-0.196043584,0.531316601,0.00641435,Mud flat,4.62E-106,6.05E-124,0.982270315,0.991124813,-0.270953482,0.05661787,284.51,1.72E-06
2021,2,18,12,26,30,12,23,11,1145.5184,1145.5161,15,0,-0.24624183,6.414349508,2.73E-05,Mud flat,5.39E-20,0,0.226439944,0.99927588,-0.018193243,0.595264657,284.51,1.98E-06
2021,2,18,12,33,25,12,20,10,1145.5232,1145.514,14,-2.684965606,-2.202405386,2.756118589,-0.00040818,Mud flat,9.84E-104,6.86E-185,0.980598909,0.999160709,-0.264670817,0.271684731,286.12,1.87E-06
2021,2,18,12,36,26,12,17,25,1145.5253,1145.5121,22,-1.406274603,-1.561174474,0.276607986,9.90E-05,S. pacifica,8.55E-90,1.03E-85,0.966731086,0.961042739,-0.146297724,0.028776114,286.12,1.77E-06
2021,2,18,12,41,12,12,14,33,1145.5286,1145.5101,24,0,-0.180179261,0,0.002084201,S. foliosa,4.70E-67,0.000632473,0.890005712,0.082571654,-0.051822075,0.001912377,286.12,1.64E-06
2021,2,18,12,44,22,12,11,23,1145.5308,1145.5079,1,-1.850768573,-1.168409123,0,-0.000204187,S. foliosa,1.73E-142,1.86E-70,0.98546429,0.87303189,-0.189683204,0.014997067,286.12,1.80E-06
2021,2,18,12,44,22,12,26,12,1145.5308,1145.5182,1,-1.850768573,-2.542696899,0,0.000531317,S. foliosa,1.73E-142,1.86E-70,0.98546429,0.87303189,-0.189683204,0.014997067,286.12,1.80E-06
2021,2,18,12,47,58,12,38,27,1145.5333,1145.5267,2,-1.661963955,-1.406274603,0.136524189,0.000276608,S. foliosa,1.19E-111,2.48E-70,0.98132644,0.916504002,-0.171605646,0.014096769,286.12,1.79E-06
2021,2,18,12,51,8,12,56,36,1145.5355,1145.5393,13,-1.141756336,-2.332440118,0.805847994,7.23E-05,S. foliosa,5.28E-79,2.78E-120,0.926588701,0.981848285,-0.11535644,0.081418209,286.12,1.83E-06
2021,2,18,12,54,26,12,43,29,1145.5378,1145.5302,23,-2.332440118,-0.461514243,0,1.70E-05,S. pacifica,1.41E-120,3.90E-31,0.986027381,0.652101228,-0.272858927,0.008460282,286.12,1.58E-06
2021,3,16,12,3,11,13,34,36,1171.5022,1171.5657,5,0,-0.882288977,0,0.000369853,S. pacifica,3.13E-64,2.30E-56,0.753342021,0.705764717,-0.044741628,0.004836808,283.64,1.96E-06
2021,3,16,12,7,38,13,40,31,1171.5053,1171.5698,4,0,-0.815260475,0,0.001832907,S. pacifica,1.59E-13,3.62E-15,0.298622127,0.331803069,-0.010182403,0.002797063,283.64,2.13E-06
2021,3,16,12,11,40,12,33,42,1171.5081,1171.5234,10,2.110760689,-0.34457475,0,0.000243397,S. pacifica,1.29E-131,3.40E-64,0.990606879,0.893844128,0.211410559,0.014244302,283.64,1.83E-06
2021,3,16,12,16,0,12,10,13,1171.5111,1171.5071,6,0,-0.118409976,0,3.25E-05,Mud flat,1.15E-38,4.70E-12,0.759840912,0.331944294,-0.056084216,0.00749641,283.64,1.73E-06
2021,3,16,12,18,35,12,6,37,1171.5129,1171.5046,7,0,-0.478794537,0.369401106,5.18E-05,Mud flat,9.91E-29,4.13E-72,0.704145493,0.958142229,0.037433127,0.043555372,283.64,1.55E-06
2021,3,16,12,21,45,12,18,0,1171.5151,1171.5125,8,1.69031906,-0.531776438,4.308651332,7.11E-05,Mud flat,9.11E-138,4.67E-137,0.989958207,0.989714062,0.175567334,0.447524047,283.64,1.76E-06
2021,3,16,12,25,4,12,20,18,1171.5174,1171.5141,9,0.792105408,0.317477224,3.500720986,0.000369401,Mud flat,5.78E-210,8.22E-229,0.975912456,0.982815724,0.082273127,0.363607241,283.64,1.76E-06
2021,3,16,12,31,15,12,24,3,1171.5217,1171.5167,3,0,1.69031906,0.243397435,0.004308651,S. pacifica,4.80E-52,5.49E-105,0.79687985,0.96214831,-0.036084799,0.025489237,283.81,1.75E-06
2021,3,16,12,35,52,12,29,23,1171.5249,1171.5204,11,0.897678444,0.792105408,0,0.003500721,S. pacifica,3.79E-94,2.80E-31,0.964778735,0.656789136,0.102432061,0.010590955,283.81,1.60E-06
2021,3,16,12,39,37,12,13,49,1171.5275,1171.5096,12,-0.49439373,2.110760689,1.403795606,0.000142218,S. foliosa,2.95E-87,1.19E-159,0.944478515,0.995213472,-0.073141396,0.207679759,283.81,1.24E-06
2021,3,16,12,48,32,12,38,1,1171.5337,1171.5264,20,0,0.897678444,0,9.28E-05,S. foliosa,2.77E-39,1.09E-43,0.740251098,0.778233719,-0.031922247,0.010580453,283.81,1.59E-06
2021,3,16,12,52,0,12,41,54,1171.5361,1171.5291,19,0,-0.49439373,0.445773726,0.001403796,S. foliosa,2.29E-72,7.27E-122,0.880124917,0.972961325,-0.0416063,0.047755793,283.81,1.71E-06
2021,3,16,12,56,19,13,43,32,1171.5391,1171.5719,18,0,-0.90821411,0,0.00045903,S. foliosa,4.58E-56,1.98E-60,0.840492,0.862377583,-0.03536061,0.012068362,283.81,1.67E-06
2021,3,16,13,0,47,13,21,39,1171.5422,1171.5567,17,-1.465769695,-1.124189702,0.401089434,0.000878257,Mud flat,5.75E-132,1.34E-102,0.987779231,0.966968737,-0.163160374,0.044646783,283.64,1.64E-06
2021,3,16,13,4,48,13,10,60,1171.545,1171.5493,16,-1.008526773,-0.615621908,0,0.001024772,S. pacifica,1.17E-98,6.79E-15,0.9446025,0.32640155,-0.101756524,0.004378657,283.64,1.81E-06
2021,3,16,13,8,16,13,7,24,1171.5474,1171.5468,15,-0.615621908,-1.008526773,1.024772159,4.34E-05,Mud flat,2.72E-92,1.92E-153,0.923404571,0.98652818,-0.057922793,0.096419028,283.64,1.94E-06
2021,3,16,13,13,27,13,3,4,1171.551,1171.5438,21,-0.515023743,-1.465769695,0.442128814,0.000401089,Mud flat,2.03E-124,7.40E-172,0.957189005,0.987364804,-0.059226062,0.050843381,283.64,1.59E-06
2021,3,16,13,18,12,12,58,36,1171.5543,1171.5407,14,-1.124189702,-0.322483743,0.878256892,0.000110062,Mud flat,2.18E-155,3.23E-234,0.9681371,0.994576693,-0.110226654,0.086112974,283.64,1.87E-06
2021,3,16,13,23,40,12,54,35,1171.5581,1171.5379,22,-0.913689182,-0.388371639,0,0.000445774,S. pacifica,1.07E-112,4.14E-57,0.957107543,0.79195796,-0.09422913,0.008137119,283.64,1.77E-06
2021,3,16,13,29,43,12,50,41,1171.5623,1171.5352,24,0,-0.277426297,0.373171385,9.20E-05,S. foliosa,5.99E-55,5.29E-116,0.852005121,0.983527662,-0.068438567,0.043999918,283.64,1.55E-06
2021,3,16,13,33,45,13,16,28,1171.5651,1171.5531,1,0,-0.515023743,0.369853112,0.000442129,S. foliosa,1.34E-20,5.56E-32,0.825602003,0.938727908,-0.100888841,0.042292325,284.41,1.60E-06
2021,3,16,13,37,56,13,26,24,1171.568,1171.56,2,-0.815260475,-0.913689182,1.832906798,7.89E-05,S. foliosa,9.00E-121,3.13E-150,0.972057693,0.988485728,-0.085556772,0.192352744,284.41,1.75E-06
2021,3,16,13,41,14,13,46,34,1171.5703,1171.574,13,-0.90821411,-1.146257936,0.459029718,0.000101623,S. foliosa,1.44E-83,1.27E-116,0.93581252,0.97886249,-0.093216944,0.047113723,284.41,1.79E-06
2021,3,16,13,44,24,13,31,52,1171.5725,1171.5638,23,-1.146257936,-0.580440051,0,0.000373171,S. pacifica,8.50E-88,6.43E-55,0.954566409,0.851840722,-0.126969605,0.011256688,284.41,1.66E-06
2021,4,8,13,50,45,15,9,22,1194.5769,1194.6315,6,-0.807980283,-0.002408798,0.168226771,0.000583603,Mud flat,8.31E-159,1.00E-156,0.974905333,0.973647336,-0.087159853,0.018147251,285.78,1.71E-06
2021,4,8,13,56,13,15,13,6,1194.5807,1194.6341,7,-0.756787901,-1.388320767,1.239506937,0.000475008,Mud flat,1.01E-94,2.04E-139,0.956874937,0.990503706,-0.089904632,0.147250525,285.78,1.55E-06
2021,4,8,14,0,15,14,21,24,1194.5835,1194.5982,8,0,-0.33953262,0.820624775,6.96E-05,Mud flat,5.99E-48,6.06E-112,0.676492931,0.932419218,0.019562678,0.087809655,285.69,1.72E-06
2021,4,8,14,4,0,14,17,57,1194.5861,1194.5958,9,1.081603106,-0.223171105,2.003841294,1.47E-05,Mud flat,2.33E-122,1.98E-143,0.978769505,0.989177076,0.114018706,0.211237735,285.69,1.75E-06
2021,4,8,14,9,11,14,11,37,1194.5897,1194.5914,5,-0.741068511,-0.741068511,0,7.67E-05,S. pacifica,5.70E-103,4.90E-47,0.96053778,0.764292927,-0.07266669,0.007523835,285.69,1.88E-06
2021,4,8,14,12,21,13,54,3,1194.5919,1194.5792,10,0,-0.807980283,0.128366399,0.000168227,S. pacifica,1.76E-34,3.38E-79,0.62585503,0.902384814,0.030344224,0.015114724,285.69,1.56E-06
2021,4,8,14,15,39,13,58,31,1194.5942,1194.5823,4,0,-0.756787901,0,0.001239507,S. pacifica,8.72E-25,0.000357124,0.538802784,0.089134898,-0.020194875,0.00133241,285.69,2.04E-06
2021,4,8,14,19,33,14,3,24,1194.5969,1194.5857,3,0,0.182822929,0,0.000820625,S. pacifica,3.62E-35,1.94E-26,0.752799061,0.644221625,-0.03747665,0.007687412,285.69,1.67E-06
2021,4,8,14,23,26,14,6,26,1194.5996,1194.5878,11,0.726079084,1.081603106,0,0.002003841,S. pacifica,2.55E-123,6.13E-52,0.968284552,0.759079584,0.085493439,0.006342647,285.69,1.56E-06
2021,4,8,14,29,12,14,14,56,1194.6036,1194.5937,12,-0.354020342,0.257707565,1.136432574,0.000128366,S. foliosa,1.82E-83,1.66E-184,0.92638351,0.997090246,-0.052721269,0.169239336,285.69,1.24E-06
2021,4,8,14,35,6,14,26,10,1194.6077,1194.6015,17,0,0.726079084,0,5.39E-05,Mud flat,3.13E-17,9.98E-05,0.377128229,0.095701483,-0.050580479,0.001969295,285.4,1.73E-06
2021,4,8,14,37,7,14,31,38,1194.6091,1194.6053,16,0,-0.354020342,0,0.001136433,S. pacifica,9.34E-17,2.04E-41,0.399452485,0.738309708,-0.013940441,0.007357719,285.4,2.00E-06
2021,4,8,14,41,26,15,17,34,1194.6121,1194.6372,21,-0.810240711,0.058680936,0.453048551,0.000677484,Mud flat,6.91E-146,8.66E-197,0.975355221,0.993346835,-0.089341297,0.049955457,285.4,1.67E-06
2021,4,8,14,45,11,14,52,31,1194.6147,1194.6198,15,0,-0.138042334,0.354490243,0.000575597,Mud flat,9.50E-54,5.29E-88,0.865890397,0.964343441,-0.04681934,0.035725511,285.4,1.83E-06
2021,4,8,14,49,56,14,47,11,1194.618,1194.6161,14,0,-0.464569956,0.575596678,0.00035449,Mud flat,3.61E-20,2.62E-181,0.425824945,0.995481241,-0.014217657,0.059283523,285.4,1.79E-06
2021,4,8,14,54,58,14,39,24,1194.6215,1194.6107,22,-0.381338515,-0.151235918,0.266501949,7.98E-05,S. pacifica,1.99E-95,1.83E-160,0.908555007,0.982673365,-0.039275923,0.027448342,285.4,1.79E-06
2021,4,8,15,3,54,14,37,38,1194.6277,1194.60947,24,-0.685244584,-0.476633845,0.217593883,1.86E-05,S. foliosa,2.44E-91,2.69E-101,0.94162003,0.957443546,-0.079259311,0.025168154,285.29,1.59E-06
2021,4,8,15,7,12,15,33,42,1194.63,1194.6484,1,0,-0.050588572,0.583603057,0.000354295,S. foliosa,0.839984465,5.56E-82,0.000319703,0.943997151,-0.000265504,0.064326264,285.29,1.67E-06
2021,4,8,15,10,14,15,30,40,1194.6321,1194.6463,2,-1.388320767,-0.087936075,0.475007554,0.000615501,S. foliosa,8.70E-174,1.00E-181,0.99022568,0.992106841,-0.156711701,0.053618187,285.29,1.63E-06
2021,4,8,15,14,42,15,27,39,1194.6352,1194.6442,13,0,-0.182467027,0.677483721,0.000775994,S. foliosa,3.81E-07,7.19E-101,0.140373517,0.930375212,0.005868672,0.067755051,285.29,1.84E-06
2021,4,8,15,18,35,14,44,27,1194.6379,1194.6142,23,0,-0.810240711,0,0.000453049,S. pacifica,1.60E-50,3.71E-64,0.7302234,0.813009022,-0.029618094,0.007202372,285.29,1.64E-06
2021,4,8,15,25,13,14,57,59,1194.6425,1194.6236,20,0,-0.381338515,0,0.000266502,S. foliosa,4.62E-37,4.51E-69,0.675999181,0.883387601,-0.020596622,0.087593167,285.29,1.63E-06
2021,4,8,15,28,31,15,21,27,1194.6448,1194.6399,19,0,-0.264538617,0.615501443,6.43E-05,S. foliosa,1.99E-08,2.61E-100,0.218902938,0.971031809,-0.009256926,0.064793101,285.29,1.75E-06
2021,4,8,15,31,7,15,6,20,1194.6466,1194.6294,18,0,-0.685244584,0.354294899,0.000217594,S. foliosa,2.14E-05,1.05E-78,0.111696354,0.900933682,-0.005575028,0.039044472,285.24,1.67E-06
2021,4,22,13,23,58,14,41,8,1208.5583,1208.6119,6,1.572743916,0.165211206,0.388329481,0.000480372,Mud flat,4.78E-127,1.30E-114,0.985564021,0.978006486,0.17053639,0.042107496,287.26,1.71E-06
2021,4,22,13,27,8,14,37,41,1208.5605,1208.6095,7,1.608043227,-0.319363927,2.324375932,0.000406104,Mud flat,1.55E-113,1.16E-131,0.986723502,0.993416362,0.167954674,0.242773201,287.26,1.77E-06
2021,4,22,13,30,1,13,51,27,1208.5625,1208.5774,8,1.901290511,1.421867357,0.410654342,0.000223457,Mud flat,1.53E-76,3.14E-55,0.983401041,0.94662876,0.203271145,0.043903958,287.53,1.73E-06
2021,4,22,13,32,19,13,46,60,1208.5641,1208.5743,9,2.146128276,2.068109247,0.253026005,0.000120999,Mud flat,3.40E-106,5.17E-73,0.991424121,0.96107604,0.227694208,0.02684488,287.53,1.75E-06
2021,4,22,13,36,12,13,38,38,1208.5668,1208.5685,5,0,0.394700127,0,3.75E-05,S. pacifica,1.39E-52,5.29E-16,0.800314481,0.365240869,0.036653719,0.00348601,287.53,2.00E-06
2021,4,22,13,40,31,13,26,15,1208.5698,1208.5599,10,1.538388562,1.572743916,0.432388826,0.000388329,S. pacifica,2.97E-146,2.11E-161,0.983473568,0.989255672,0.157346309,0.044224709,287.53,1.81E-06
2021,4,22,13,44,7,13,29,8,1208.5723,1208.5619,4,2.068109247,1.608043227,0,0.002324376,S. pacifica,4.23E-139,1.78E-75,0.97512642,0.86209677,0.183672789,0.010746114,287.53,2.09E-06
2021,4,22,13,49,1,13,31,26,1208.5757,1208.5635,3,1.421867357,1.901290511,0.223456622,0.000410654,S. pacifica,7.37E-98,1.45E-93,0.952535492,0.945603614,0.134690625,0.021167595,287.53,1.96E-06
2021,4,22,13,53,20,13,34,2,1208.5787,1208.5653,11,0.92120888,2.146128276,0,0.000253026,S. pacifica,3.17E-80,1.65E-47,0.940346739,0.80666278,0.11010761,0.010115746,287.53,1.55E-06
2021,4,22,13,56,13,13,43,15,1208.5807,1208.5717,12,0,1.538388562,3.565479929,0.000432389,S. foliosa,3.53E-65,3.34E-109,0.851198765,0.9604201,0.028119326,0.474182978,287.53,1.39E-06
2021,4,22,14,3,51,13,55,29,1208.586,1208.5802,18,0,0.92120888,0.487275123,8.46E-05,S. foliosa,1.99E-05,3.70E-96,0.153090015,0.98071811,-0.008805728,0.049486111,287.6,1.83E-06
2021,4,22,14,6,18,13,58,48,1208.5877,1208.5825,19,0,0.211435029,0.411310913,0.00356548,S. foliosa,1.27E-46,2.79E-92,0.80292707,0.962313953,0.036758917,0.039239826,287.6,1.94E-06
2021,4,22,14,9,19,14,35,5,1208.5898,1208.6077,20,0,0.062302602,0.479432093,9.44E-05,S. foliosa,1.18E-32,4.11E-76,0.752010291,0.965059277,0.035550187,0.050877894,287.6,1.75E-06
2021,4,22,14,12,12,14,23,34,1208.5918,1208.5997,17,0,-0.557433243,0,0.00026279,Mud flat,4.15E-07,2.11E-27,0.264200252,0.75524897,-0.018250097,0.014285863,287.6,1.67E-06
2021,4,22,14,14,22,14,20,7,1208.5933,1208.5973,16,0,-0.411509955,0,0.000158537,S. pacifica,3.39E-10,0.011335653,0.41091541,0.082460835,-0.024504259,0.002463326,287.6,2.00E-06
2021,4,22,14,16,31,14,15,39,1208.5948,1208.5942,21,-0.895529843,-0.26380625,0,2.65E-05,Mud flat,2.15E-69,6.39E-43,0.95268324,0.843833683,-0.095766371,0.015729276,287.6,1.73E-06
2021,4,22,14,18,32,14,13,38,1208.5962,1208.5928,15,0,-0.164244965,0,0.000128568,Mud flat,2.00E-18,5.23E-38,0.563389975,0.833764892,-0.038224062,0.014726064,287.6,2.00E-06
2021,4,22,14,21,16,14,5,43,1208.5981,1208.5873,14,0,-0.086707407,0.262789882,0.000487275,Mud flat,1.39E-69,4.25E-94,0.897318439,0.954939039,-0.055025466,0.025940569,287.6,1.88E-06
2021,4,22,14,25,36,14,8,27,1208.6011,1208.5892,22,3.087129003,0.385306085,0.345099699,0.000411311,S. pacifica,8.28E-148,2.61E-122,0.990591339,0.978735993,0.313518996,0.035047227,287.6,1.83E-06
2021,4,22,14,30,55,14,11,2,1208.6048,1208.591,23,0,0.334996186,0,0.000479432,S. pacifica,8.63E-09,3.01E-09,0.278441088,0.292871651,0.015570564,0.003836072,287.87,1.68E-06
2021,4,22,14,33,22,14,18,14,1208.6065,1208.596,13,0,-0.895529843,0,0.000147087,S. foliosa,0.012327792,8.47E-21,0.059838079,0.577538712,0.006072031,0.00920079,287.87,1.90E-06
2021,4,22,14,35,49,14,28,2,1208.6082,1208.6028,2,0,3.087129003,0.406104394,0.0003451,S. foliosa,5.78E-34,4.93E-92,0.740067106,0.977084226,-0.032228384,0.040981737,287.87,1.84E-06
2021,4,22,14,38,7,14,32,38,1208.6098,1208.606,1,0,0.141118599,0.480371827,3.48E-05,S. foliosa,1.44E-42,1.86E-192,0.647085758,0.992357109,0.017035875,0.049533895,287.87,1.80E-06
2021,4,22,14,42,18,14,45,1,1208.6127,1208.6146,24,0,-0.241096428,0.536774781,0.000536775,S. foliosa,2.19E-32,3.52E-179,0.580667582,0.993517946,-0.025994998,0.057875015,287.87,1.72E-06
2021,5,7,14,9,45,15,48,23,1223.5901,1223.6586,6,0,-0.087605425,0.411096716,4.82E-05,Mud flat,2.58E-69,1.35E-131,0.852878614,0.97493337,-0.070999523,0.044754003,290.66,1.72E-06
2021,5,7,14,13,30,15,58,36,1223.5927,1223.6657,7,0,-0.820732765,1.402645658,0.000742198,Mud flat,2.86E-14,3.40E-92,0.329794341,0.943185878,-0.015050412,0.161308888,290.66,1.63E-06
2021,5,7,14,16,49,14,38,59,1223.595,1223.6104,8,0.885784176,-0.670817347,1.82227761,7.14E-05,Mud flat,4.51E-111,1.43E-170,0.969542676,0.995456302,0.095000596,0.195439773,290.66,1.75E-06
2021,5,7,14,19,59,14,35,14,1223.5972,1223.6078,9,1.435583504,0.85401341,1.569459438,0.007880201,Mud flat,1.78E-132,1.82E-190,0.98035361,0.996569965,0.156284654,0.170859044,290.66,1.72E-06
2021,5,7,14,24,18,14,30,46,1223.6002,1223.6047,10,0,-0.416609794,0,0.000208168,S. pacifica,9.05E-69,6.27E-45,0.896209123,0.767580966,0.122267319,0.132280308,290.66,1.92E-06
2021,5,7,14,28,11,14,12,29,1223.6029,1223.592,5,0,-0.652180113,0,0.000411097,S. pacifica,5.43E-53,1.79E-61,0.78321114,0.831715882,-0.04016823,0.02007087,290.66,1.94E-06
2021,5,7,14,32,48,14,15,56,1223.6061,1223.5944,4,0.85401341,-0.130869387,7.880201282,0.001402646,S. pacifica,3.46E-76,2.13E-128,0.907102392,0.982498285,0.075287646,0.694698466,290.78,2.13E-06
2021,5,7,14,36,15,14,19,15,1223.6085,1223.5967,3,-0.670817347,0.885784176,0,0.001822278,S. pacifica,4.01E-116,2.40E-43,0.96108667,0.692587821,-0.066505183,0.007083332,290.78,1.89E-06
2021,5,7,14,40,8,14,22,34,1223.6112,1223.599,11,0.878193139,1.435583504,0,0.001569459,S. pacifica,4.19E-94,2.77E-46,0.927248557,0.717164413,0.098659474,0.006446833,290.78,1.67E-06
2021,5,7,14,44,19,14,26,36,1223.6141,1223.6018,12,0,1.25120256,10.85698045,0.001353669,S. foliosa,3.32E-09,3.86E-97,0.342238535,0.994633461,-0.018670362,1.382341903,290.78,1.47E-06
2021,5,7,14,50,13,14,42,52,1223.6182,1223.6131,20,0,0.878193139,0.303809413,5.74E-05,S. foliosa,1.25E-48,6.14E-162,0.716149171,0.986552009,-0.037730129,0.031880675,290.78,1.79E-06
2021,5,7,14,54,41,14,45,45,1223.6213,1223.6151,18,0,-0.146637928,0.385513442,0.01085698,S. foliosa,8.80E-41,5.90E-87,0.709751472,0.932903905,-0.025720716,0.040454405,290.78,1.79E-06
2021,5,7,14,58,34,15,55,0,1223.624,1223.6632,19,0,0.15474647,1.106825819,0.000613672,S. foliosa,1.30E-24,7.24E-170,0.494948386,0.993410678,-0.015346799,0.111255978,290.78,1.87E-06
2021,5,7,15,5,3,15,30,6,1223.6285,1223.6459,17,-0.48591421,-1.247258689,0.152182376,0.000538909,Mud flat,1.30E-102,8.01E-113,0.924991829,0.94231352,-0.052833483,0.016546799,290.3,1.72E-06
2021,5,7,15,10,31,15,20,18,1223.6323,1223.6391,16,0,-1.006788177,0,0.000535811,S. pacifica,2.12E-21,1.03E-68,0.355335167,0.775305614,0.010769015,0.006844699,290.3,2.00E-06
2021,5,7,15,17,17,15,13,58,1223.637,1223.6347,15,-1.006788177,0.114858027,0.535811157,7.30E-05,Mud flat,1.07E-133,5.59E-189,0.965637999,0.991645724,-0.093805383,0.049923084,290.3,2.01E-06
2021,5,7,15,22,20,15,8,4,1223.6405,1223.6306,21,0,-0.48591421,0.17410268,0.000152182,Mud flat,2.06E-59,9.99E-135,0.787567412,0.972017511,-0.037048892,0.018930195,290.3,1.72E-06
2021,5,7,15,27,13,14,57,7,1223.6439,1223.623,14,-1.247258689,-0.24510759,0.538909352,0.000385513,Mud flat,1.71E-134,1.76E-171,0.971841739,0.989599742,-0.11852752,0.051212784,290.3,1.97E-06
2021,5,7,15,32,7,15,1,9,1223.6473,1223.6258,22,0,-0.152677036,0.294993927,0.001106826,S. pacifica,2.45E-41,4.64E-170,0.635813592,0.986444623,0.01888938,0.030957739,290.8,1.79E-06
2021,5,7,15,41,3,14,53,5,1223.6535,1223.6202,24,-1.253953703,-0.359552244,0.837105539,0.000303809,S. foliosa,5.07E-142,1.46E-117,0.985258631,0.96922348,-0.135587606,0.090514614,290.8,1.73E-06
2021,5,7,15,45,57,15,25,12,1223.6569,1223.6425,1,0,-0.340741931,0,0.000174103,S. foliosa,2.04E-09,2.56E-23,0.22017647,0.495794204,-0.009541749,0.005247678,290.8,1.72E-06
2021,5,7,15,52,8,15,35,8,1223.6612,1223.6494,13,0,0.179995461,0.613672225,0.000294994,S. foliosa,8.73E-24,3.88E-190,0.447276221,0.993707017,0.016007463,0.063480191,290.8,1.81E-06
2021,5,7,15,56,1,16,2,12,1223.6639,1223.6682,2,-0.820732765,0.174069663,0.742197978,0.00016018,S. foliosa,2.54E-123,9.02E-166,0.973498604,0.992552248,-0.084899186,0.0767753,290.8,1.81E-06
2021,5,7,16,0,29,15,43,38,1223.667,1223.6553,23,0,-1.253953703,0,0.000837106,S. pacifica,1.66E-15,6.07E-28,0.464591238,0.693481238,0.019997925,0.018402272,290.36,1.63E-06
2021,5,20,12,36,9,12,44,30,1236.5251,1236.5309,24,0,-0.07044739,0.439722091,5.09E-05,S. foliosa,1.51E-70,4.75E-193,0.842542055,0.994181635,-0.032530601,0.048139373,287.76,1.69E-06
2021,5,20,12,41,46,12,48,40,1236.529,1236.5338,1,0,-0.249598852,0,0.001265165,S. foliosa,3.53E-11,1.17E-39,0.237809859,0.658699271,-0.007712356,0.005572715,287.76,1.69E-06
2021,5,20,12,45,57,13,26,15,1236.5319,1236.5599,2,0,0.037994917,1.265164772,9.80E-05,S. foliosa,2.04E-52,2.46E-188,0.762328293,0.995003292,-0.025178466,0.12762442,287.76,1.84E-06
2021,5,20,12,49,50,13,35,46,1236.5346,1236.5665,13,0,0.804095529,0,0.000178663,S. foliosa,5.27E-06,1.80E-77,0.120487323,0.883302857,-0.018992732,0.010443228,287.76,1.83E-06
2021,5,20,12,53,43,13,30,35,1236.5373,1236.5629,23,0,-0.608580827,0,8.16E-05,S. pacifica,1.55E-36,3.16E-71,0.66799153,0.88946371,0.030425224,0.011126038,287.76,1.62E-06
2021,5,20,13,3,48,13,17,2,1236.5443,1236.5535,9,1.359734558,1.930140409,0.65554424,0.000604367,Mud flat,2.11E-150,9.24E-191,0.988207622,0.99647226,0.147849884,0.071280192,288.06,1.71E-06
2021,5,20,13,7,41,13,13,26,1236.547,1236.551,8,1.877579321,0.677877164,2.234119206,0.000413302,Mud flat,2.13E-164,5.28E-227,0.99224016,0.998806529,0.199569602,0.237466549,288.06,1.75E-06
2021,5,20,13,11,0,13,10,16,1236.5493,1236.5488,7,0.677877164,1.877579321,0.413302475,0.002234119,Mud flat,2.60E-89,8.19E-97,0.937739136,0.95093373,0.072606926,0.044268525,288.06,1.73E-06
2021,5,20,13,14,45,13,6,23,1236.5519,1236.5461,6,1.930140409,1.359734558,0.604367202,0.000655544,Mud flat,3.02E-146,1.19E-157,0.992464379,0.99487809,0.21654313,0.067804169,288.06,1.66E-06
2021,5,20,13,22,57,13,40,57,1236.5576,1236.5701,3,0,3.065904051,0,0.001080798,S. pacifica,0.001185757,1.58E-83,0.052091662,0.851514291,0.003582813,0.009239196,288.06,1.97E-06
2021,5,20,13,28,25,13,45,33,1236.5614,1236.5733,5,-0.608580827,1.354347261,0,0.000137838,S. pacifica,2.37E-66,6.38E-38,0.901767278,0.727242392,-0.057387439,0.007697033,288.06,1.97E-06
2021,5,20,13,32,19,13,49,35,1236.5641,1236.5761,4,0.804095529,0.076956466,0.178662695,0.004445871,S. pacifica,1.68E-137,1.24E-141,0.952384256,0.9566039,0.073313177,0.01628952,287.85,2.04E-06
2021,5,20,13,37,21,12,52,34,1236.5676,1236.5365,10,3.065904051,-0.18691184,1.080798212,0.000102774,S. pacifica,6.45E-197,2.91E-195,0.984926097,0.98437998,0.309372039,0.109060408,287.85,1.84E-06
2021,5,20,13,43,7,14,30,37,1236.5716,1236.6046,11,1.354347261,-0.367469452,0.137838248,0.000353022,S. pacifica,5.82E-132,2.83E-81,0.983927593,0.919646195,0.159395375,0.016222412,287.85,1.58E-06
2021,5,20,13,46,34,14,27,19,1236.574,1236.6023,12,0,-0.746286835,4.445871354,0.001047848,S. foliosa,1.83E-14,3.72E-166,0.278936419,0.985020768,0.008361713,0.483066612,287.85,1.71E-06
2021,5,20,13,58,48,14,18,14,1236.5825,1236.596,20,0,0.11479645,0.862794902,0.000158663,S. foliosa,2.38E-67,2.21E-160,0.84264778,0.988629554,0.035917837,0.089626319,287.85,1.79E-06
2021,5,20,14,2,59,14,14,4,1236.5854,1236.5931,19,0.385673541,-0.326067824,0.537044111,0.000174304,S. foliosa,1.91E-96,6.86E-186,0.901230945,0.988951708,0.036808045,0.051254602,287.71,1.94E-06
2021,5,20,14,7,10,14,9,19,1236.5883,1236.5898,18,0,-0.397329911,0.687814509,0.000687815,S. foliosa,1.22E-45,2.38E-90,0.795803552,0.959580482,-0.040366995,0.069878969,287.71,1.83E-06
2021,5,20,14,11,12,14,6,9,1236.5911,1236.5876,17,0,0.385673541,0.174303749,0.000537044,Mud flat,5.17E-70,3.85E-112,0.841979901,0.949488303,-0.036244918,0.019375187,287.71,1.67E-06
2021,5,20,14,15,57,14,1,32,1236.5944,1236.5844,16,0,0.345765922,0,0.000862795,S. pacifica,8.80E-08,2.45E-58,0.190403376,0.852288119,0.010881244,0.01503919,287.71,1.96E-06
2021,5,20,14,19,24,14,22,25,1236.5968,1236.5989,21,0,-0.341641737,0.138146615,0.000138147,Mud flat,6.52E-78,2.71E-95,0.858449976,0.909459936,-0.037395349,0.015121223,287.71,1.69E-06
2021,5,20,14,24,18,14,33,56,1236.6002,1236.6069,15,-0.746286835,0.347251369,1.047848379,6.70E-05,Mud flat,6.37E-124,5.37E-229,0.956640104,0.997094773,-0.071224382,0.100004918,287.71,1.94E-06
2021,5,20,14,28,2,12,56,10,1236.6028,1236.539,14,0,0.265036432,0,9.69E-05,Mud flat,9.83E-48,2.05E-77,0.746375651,0.895469834,-0.036046481,0.03462923,287.71,1.89E-06
2021,5,20,14,32,4,12,39,1,1236.6056,1236.5271,22,0,-0.297146035,0,0.000439722,S. pacifica,1.99E-31,5.49E-23,0.707768803,0.585931429,0.036853284,0.007109339,287.62,1.75E-06
2021,6,3,11,16,57,11,40,34,1250.4701,1250.4865,6,0,0.858518149,0.576323424,0.000200959,Mud flat,5.51E-59,2.79E-148,0.802744491,0.984398578,-0.089778167,0.063485819,287.4,1.68E-06
2021,6,3,11,20,24,12,35,43,1250.4725,1250.5248,7,1.101547848,-0.587825112,1.21665681,0.000954931,Mud flat,3.06E-95,3.10E-165,0.965238162,0.997197396,0.116816253,0.129023256,287.4,1.75E-06
2021,6,3,11,23,26,11,43,18,1250.4746,1250.4884,8,0,-0.615295063,1.748407002,0.000149312,Mud flat,0.441587141,7.67E-138,0.004360574,0.989983648,0.002057211,0.186841519,287.4,1.73E-06
2021,6,3,11,26,53,11,35,48,1250.477,1250.4832,9,0,1.533219916,0.603492913,0.000330151,Mud flat,3.47E-48,1.29E-114,0.853959924,0.990707775,0.091625067,0.064962323,287.4,1.72E-06
2021,6,3,11,30,3,11,32,38,1250.4792,1250.481,13,0,-0.483930667,0,9.17E-05,S. foliosa,3.51E-63,1.00E-49,0.85731486,0.781378375,-0.052676186,0.008563382,288.01,1.84E-06
2021,6,3,11,30,12,11,19,41,1250.4793,1250.472,5,0,-0.815005014,0,0.000576323,S. pacifica,8.25E-63,2.75E-50,0.855627528,0.785236482,-0.045918303,0.008700821,288.01,1.96E-06
2021,6,3,11,33,31,11,22,34,1250.4816,1250.474,4,1.533219916,1.101547848,0.330151329,0.001216657,S. pacifica,1.94E-99,2.81E-80,0.963240913,0.92968598,0.131450098,0.028305414,288.01,2.17E-06
2021,6,3,11,37,7,11,25,44,1250.4841,1250.4762,1,0,0.019250769,0.200958846,0.001748407,S. foliosa,5.08E-92,2.15E-169,0.867789113,0.976738207,0.094069485,0.022019447,288.01,1.69E-06
2021,6,3,11,37,7,11,28,45,1250.4841,1250.4783,10,0,0.851186902,0.216510342,0.000603493,S. pacifica,5.08E-92,2.15E-169,0.867789113,0.976738207,0.094069485,0.022019447,288.01,1.83E-06
2021,6,3,11,41,26,11,40,34,1250.4871,1250.4865,3,0,0.924955837,0,0.00021651,S. pacifica,5.80E-54,5.78E-47,0.88729216,0.848982546,-0.06257649,0.015185234,288.01,1.83E-06
2021,6,3,11,45,2,11,46,54,1250.4896,1250.4909,11,1.548450078,1.548450078,0.199442277,0.000199442,S. pacifica,1.59E-78,3.71E-74,0.959663071,0.951574497,0.177910902,0.022915143,288.01,1.62E-06
2021,6,3,11,48,3,11,50,21,1250.4917,1250.4933,12,0,-0.264459008,36.322946,0.036322946,S. foliosa,7.51E-45,8.90E-116,0.764465301,0.978252824,-0.030136373,4.139174047,288.01,1.63E-06
2021,6,3,11,53,14,11,32,30,1250.4953,1250.4809,20,0.466606394,-0.521735618,1.091998946,8.48E-05,S. foliosa,9.61E-105,3.61E-117,0.937270463,0.955105595,0.048497573,0.113498871,288.01,1.79E-06
2021,6,3,11,57,34,12,16,16,1250.4983,1250.5113,19,0,-1.698126055,0.32783652,0.001353461,S. foliosa,6.47E-10,1.39E-59,0.315978798,0.928216756,0.01307477,0.033341497,288.01,1.83E-06
2021,6,3,11,59,52,12,12,40,1250.4999,1250.5088,18,0,-0.950995751,1.428146418,0.000447491,S. foliosa,1.14E-48,2.86E-94,0.795167713,0.956210816,-0.034003961,0.151772624,288.01,1.75E-06
2021,6,3,12,3,19,12,9,13,1250.5023,1250.5064,17,-1.798164579,-0.915526849,0.202534069,0.000140198,Mud flat,3.85E-116,1.46E-107,0.961105996,0.950368693,-0.194470638,0.021903963,288.75,1.72E-06
2021,6,3,12,7,4,12,6,3,1250.5049,1250.5042,16,-0.915526849,-1.798164579,0,0.000202534,S. pacifica,2.64E-75,2.11E-59,0.930268411,0.875935104,-0.085380892,0.013074687,288.75,2.00E-06
2021,6,3,12,10,5,12,2,10,1250.507,1250.5015,15,-0.950995751,-0.319969663,0.447491114,0.001428146,Mud flat,2.78E-107,5.76E-158,0.957192566,0.990594407,-0.08928579,0.042013434,288.75,1.98E-06
2021,6,3,12,13,50,11,59,17,1250.5096,1250.4995,14,-1.698126055,0.128560131,1.353461053,0.000327837,Mud flat,9.26E-108,9.79E-112,0.965338887,0.969449636,-0.167177795,0.133246077,288.75,1.89E-06
2021,6,3,12,18,9,11,56,7,1250.5126,1250.4973,21,-1.406946992,0.466606394,0.314833938,0.001091999,Mud flat,1.20E-117,5.32E-160,0.955679559,0.985831506,-0.154557984,0.034585595,288.75,1.69E-06
2021,6,3,12,22,54,12,21,1,1250.5159,1250.5146,22,0,-1.406946992,0,0.000314834,S. pacifica,1.19E-42,5.22E-67,0.746423952,0.888044626,-0.055781648,0.012309263,288.75,1.79E-06
2021,6,3,12,33,34,12,25,12,1250.5233,1250.5175,2,-0.587825112,-0.535312755,0.954931256,0.000118127,S. foliosa,1.88E-76,2.41E-151,0.933110733,0.995572238,-0.061446679,0.099821109,289.66,1.79E-06
2021,6,3,12,40,54,12,47,48,1250.5284,1250.5332,24,0,0.892040782,1.902894992,0.000245751,S. foliosa,2.57E-17,2.39E-196,0.317560247,0.991448596,-0.008636305,0.21126475,289.66,1.68E-06
2021,6,3,12,45,22,12,44,4,1250.5315,1250.5306,23,0,-0.07778856,0.245751487,0.001902895,S. pacifica,5.20E-52,4.52E-111,0.796656618,0.968798468,0.100634244,0.027724086,289.66,1.66E-06
2021,6,16,11,29,20,12,37,9,1263.4787,1263.5258,6,2.29365501,1.070454,1.631986681,0.000652089,Mud flat,6.21E-137,5.37E-129,0.994631039,0.992700731,0.253684961,0.180502506,290.72,1.69E-06
2021,6,16,11,32,13,12,39,27,1263.4807,1263.5274,7,1.105022648,-0.302952259,0.640863695,0.000644579,Mud flat,2.35E-111,2.54E-142,0.980529792,0.993608932,0.122403717,0.070988679,291.16,1.69E-06
2021,6,16,11,35,32,11,49,21,1263.483,1263.4926,8,0,-0.343973678,0,0.000159018,Mud flat,5.01E-32,1.56E-06,0.689744277,0.176918883,0.065434738,0.012487197,291.16,1.73E-06
2021,6,16,11,38,33,11,46,36,1263.4851,1263.4907,9,3.584692374,1.936432326,0.98715879,0.00027844,Mud flat,7.46E-132,2.92E-141,0.995672733,0.997081469,0.393973942,0.108493226,291.16,1.71E-06
2021,6,16,11,41,52,11,43,52,1263.4874,1263.4888,5,0,0.48175008,0,0.00015871,S. pacifica,3.24E-42,1.80E-59,0.790602187,0.892508487,0.046211347,0.015224089,291.16,1.96E-06
2021,6,16,11,44,36,11,31,21,1263.4893,1263.4801,4,1.936432326,2.29365501,0.278440187,0.001631987,S. pacifica,2.30E-107,5.59E-78,0.983141603,0.947452993,0.175204146,0.025192657,291.16,2.08E-06
2021,6,16,11,47,29,11,34,22,1263.4913,1263.4822,3,0,1.105022648,0,0.000640864,S. pacifica,2.36E-31,3.55E-49,0.710150569,0.862315211,-0.031527715,0.014575161,291.16,2.05E-06
2021,6,16,11,50,56,11,37,32,1263.4937,1263.4844,10,2.782043619,0.60441129,0.235503931,0.000115342,S. pacifica,5.57E-88,9.86E-59,0.985978213,0.940354738,0.317890188,0.026909854,291.16,1.64E-06
2021,6,16,11,53,14,11,40,25,1263.4953,1263.4864,11,4.769756039,3.584692374,0.570023271,0.000987159,S. pacifica,7.49E-131,1.77E-137,0.993206489,0.994743096,0.567815608,0.06785842,291.16,1.58E-06
2021,6,16,11,57,16,11,52,31,1263.4981,1263.4948,12,0,2.782043619,10.80811423,0.000235504,S. foliosa,8.21E-18,3.47E-114,0.487580042,0.990540565,-0.019991425,1.152362682,291.16,1.76E-06
2021,6,16,12,2,1,11,55,15,1263.5014,1263.4967,20,0,4.769756039,0.994192615,0.000570023,S. foliosa,8.38E-51,1.96E-170,0.828235879,0.997675616,0.044435016,0.09306578,291.66,2.01E-06
2021,6,16,12,5,3,11,59,8,1263.5035,1263.4994,19,0,-0.18750139,0.832337629,0.010808114,S. foliosa,1.01E-43,2.50E-124,0.827078693,0.994070416,0.043929511,0.071821847,291.66,2.18E-06
2021,6,16,12,8,4,12,42,55,1263.5056,1263.5298,18,-0.856597632,-1.479807856,0.755270093,0.00101897,S. foliosa,5.47E-53,1.14E-103,0.900813228,0.989929159,-0.085750315,0.075606849,291.66,1.88E-06
2021,6,16,12,10,40,12,26,38,1263.5074,1263.5185,17,0,-0.71904357,0.359170647,0.002110789,Mud flat,1.21E-14,1.60E-92,0.394779776,0.970063309,-0.025415404,0.039542271,291.66,1.71E-06
2021,6,16,12,14,33,12,22,54,1263.5101,1263.5159,16,0,0.606570207,0.185137734,0.00342864,S. pacifica,4.86E-45,4.78E-68,0.812244204,0.92284172,-0.053039188,0.016998374,291.66,2.05E-06
2021,6,16,12,17,35,12,16,34,1263.5122,1263.5115,21,0,-0.577676138,0.441432354,0.000185138,Mud flat,6.58E-16,5.93E-127,0.402957197,0.989278444,-0.022532094,0.048221825,291.66,1.72E-06
2021,6,16,12,20,45,12,12,40,1263.5144,1263.5088,15,0,-0.230853391,3.428639811,0.000359171,Mud flat,3.22E-63,4.91E-227,0.891956201,0.99971542,0.056405814,0.318834023,291.66,2.02E-06
2021,6,16,12,24,29,12,9,48,1263.517,1263.5068,14,-0.71904357,-0.856597632,2.110789366,0.00075527,Mud flat,5.68E-67,2.82E-145,0.903930211,0.994253497,-0.06956648,0.20421598,291.66,1.94E-06
2021,6,16,12,28,14,12,6,55,1263.5196,1263.5048,22,1.715348904,0.509095582,0.195264411,0.000832338,S. pacifica,3.33E-81,1.16E-71,0.953615195,0.932913757,0.177965858,0.020258502,291.66,1.81E-06
2021,6,16,12,32,25,12,4,11,1263.5225,1263.5029,24,-0.855878116,0.474685378,1.49678951,0.000994193,S. foliosa,1.11E-73,6.50E-139,0.939396765,0.995245939,-0.092999542,0.162640843,292.23,1.73E-06
2021,6,16,12,35,0,12,19,44,1263.5243,1263.5137,1,1.070454,-0.206263355,0.652089158,0.000441432,S. foliosa,5.68E-103,4.86E-151,0.97367742,0.995329726,0.114551388,0.069781343,292.23,1.76E-06
2021,6,16,12,37,44,12,30,14,1263.5262,1263.521,2,0,1.715348904,0.64457857,0.000195264,S. foliosa,1.57E-27,5.92E-117,0.687755798,0.994471061,-0.032189795,0.068488851,292.23,1.77E-06
2021,6,16,12,40,54,12,46,39,1263.5284,1263.5324,13,-1.479807856,2.552239666,1.01897009,0.000245902,S. foliosa,1.44E-81,6.87E-140,0.954263826,0.995211376,-0.151595529,0.104386059,292.23,1.84E-06
2021,6,16,12,44,30,12,34,25,1263.5309,1263.5239,23,2.552239666,-0.855878116,0,0.00149679,S. pacifica,1.90E-97,7.57E-57,0.967891604,0.861764771,0.279350118,0.026914692,292.23,1.72E-06
